id,req_id,test_id,prompt,requirement_summary,fine_grained_reqs,reference_answer,excutable_test_test_case,excutable_test_step_code
E2ESD_Bench_03,1,1,"
    You are tasked with implementing a complete web application using HTML, JavaScript, and CSS. Your implementation must strictly follow the specifications described below.
    SUMMARY:
    {
    ""overview"": ""The Movie Seat Booking application allows users to select a movie and book seats in a theater. Users can choose from a list of movies, select available seats, and view the total cost of their selections. The application retains user selections using local storage to persist data across sessions."",
    ""predefined_options"": ""The application offers a set of predefined movie options, each associated with a specific ticket price and uniquely identifiable by its corresponding data-testid. The default selection is 'The Big Lebowski' priced at $10 (data-testid='movie-option-1'), followed by 'Fargo' at $12 (data-testid='movie-option-2'), 'O Brother' at $8 (data-testid='movie-option-3'), and 'No Country for Old Men' at $9 (data-testid='movie-option-4'). The theater seating is arranged in 6 rows, with each row containing 8 seats. Every seat is uniquely identifiable via a data-testid in the format seat-row-column. For example, seat-1-1 refers to the first seat in the first row, and seat-2-3 refers to the third seat in the second row. Initially, the following seats are marked as occupied: Row 2: Seat 4 (seat-2-4) and Seat 5 (seat-2-5); Row 3: Seat 7 (seat-3-7) and Seat 8 (seat-3-8); Row 5: Seat 4 (seat-5-4) and Seat 5 (seat-5-5); Row 6: Seat 5 (seat-6-5), Seat 6 (seat-6-6), and Seat 7 (seat-6-7). This configuration ensures that each seat and movie option can be distinctly identified and interacted with, facilitating robust and precise testing."",
    ""external_resources"": ""No external resources such as images or audio files are directly referenced in the provided code."",
    ""external_js_libraries"": ""No external JavaScript libraries are referenced in the provided code.""
}
    ## Functional Requirements
    Implement the following features as described. For each requirement, make sure the HTML structure, JavaScript behavior, and CSS styles match the specifications exactly.
    REQUIREMENTS:
    - Requirement 1: 
Upon loading the webpage, users can interact with the seat map and movie dropdown to dynamically update the total price. Clicking on any available seat (i.e., a seat without the occupied class) marks it as selected, and the selected seat count updates in the element with data-testid=""selected-count"". Users can also select a movie from the dropdown (data-testid=""movie-select""), where each option has a value representing the ticket price. The total price, shown in the element with data-testid=""total-price"", is calculated as the number of selected seats multiplied by the selected movie’s price. Seats marked as occupied must not be selectable and should not affect the count or price. Changing the selected movie at any time updates the total price accordingly.
- Requirement 2: 
Upon interacting with the movie seat booking interface, users can select a movie from a dropdown menu, with options like 'The Big Lebowski ($10)', 'Fargo ($12)', 'O Brother ($8)', and 'No Country for Old Men ($9)', each identified by a specific data-testid. Once a movie is selected, its price updates accordingly. When users click on an available seat (e.g., identified by data-testid=""seat-1-1""), the system toggles the seat's selection status. Selected seats are visually marked, and their indices are stored in localStorage. The seat count (data-testid=""selected-count"") and total price (data-testid=""total-price"") are dynamically updated based on the number of selected seats and the chosen movie's price. Seats marked as 'occupied' cannot be selected or included in the calculation. Users can deselect previously selected seats by clicking on them again, and the UI, along with localStorage, updates accordingly.
- Requirement 3: 
Upon loading the 'Movie Seat Booking' webpage, the system retrieves and applies previously selected seats and the movie selection from local storage. If local storage contains the keys 'selectedSeats' and 'selectedMovieIndex', the system will mark the seats corresponding to the indices in 'selectedSeats' with the 'selected' class. Additionally, the movie dropdown will be set to the option corresponding to 'selectedMovieIndex'. If local storage does not contain these values, no seats will be marked as 'selected', and the dropdown will default to the first movie option, 'The Big Lebowski ($10)'.
- Requirement 4: 
The system must dynamically display the number of selected seats and the total price as the user interacts with seat selections and movie choices. Specifically, when the user selects a movie from the dropdown menu with data-testid 'movie-select', the ticket price should be set according to the selected movie's value. As the user clicks on available seats (those without the 'occupied' class) within the seating area, the system should toggle the 'selected' class on the clicked seat. The count of selected seats, displayed with data-testid 'selected-count', should update to reflect the current number of seats with the 'selected' class. The total price, displayed with data-testid 'total-price', should be calculated as the product of the number of selected seats and the current ticket price. If a user deselects a seat by clicking on it again, the count and total price should decrease accordingly. If the user changes the movie selection after selecting seats, the total price should update based on the new ticket price while maintaining the count of selected seats. The system must prevent users from selecting seats marked as 'occupied'.
- Requirement 5: 
On the Movie Seat Booking page, users can distinguish between available, selected, and occupied seats through legends that indicate the status of each seat. Each status has its own corresponding legend (e.g., data-testid = 'seat-select') to help users understand the different seat states. Occupied seats are non-interactive and clearly marked to prevent selection. Available seats can be clicked to toggle their selection. When users select or deselect seats, the count of selected seats and the total price are updated accordingly.

    
    ## Output Format
    Provide a clean and complete implementation including:
    1. HTML structure (including necessary `data-testid`, `id`, and `class` values).
    2. JavaScript functionality that matches the behavior described.
    3. CSS for styling according to BEM and required class names.
    4. Ensure that the text content in the components is exactly as specified in the requirements.
    Do not include any extra components or libraries not listed above. Keep your code concise, semantic, and standards-compliant.
    ","{'overview': 'The Movie Seat Booking application allows users to select a movie and book seats in a theater. Users can choose from a list of movies, select available seats, and view the total cost of their selections. The application retains user selections using local storage to persist data across sessions.', 'predefined_options': ""The application offers a set of predefined movie options, each associated with a specific ticket price and uniquely identifiable by its corresponding data-testid. The default selection is 'The Big Lebowski' priced at $10 (data-testid='movie-option-1'), followed by 'Fargo' at $12 (data-testid='movie-option-2'), 'O Brother' at $8 (data-testid='movie-option-3'), and 'No Country for Old Men' at $9 (data-testid='movie-option-4'). The theater seating is arranged in 6 rows, with each row containing 8 seats. Every seat is uniquely identifiable via a data-testid in the format seat-row-column. For example, seat-1-1 refers to the first seat in the first row, and seat-2-3 refers to the third seat in the second row. Initially, the following seats are marked as occupied: Row 2: Seat 4 (seat-2-4) and Seat 5 (seat-2-5); Row 3: Seat 7 (seat-3-7) and Seat 8 (seat-3-8); Row 5: Seat 4 (seat-5-4) and Seat 5 (seat-5-5); Row 6: Seat 5 (seat-6-5), Seat 6 (seat-6-6), and Seat 7 (seat-6-7). This configuration ensures that each seat and movie option can be distinctly identified and interacted with, facilitating robust and precise testing."", 'external_resources': 'No external resources such as images or audio files are directly referenced in the provided code.', 'external_js_libraries': 'No external JavaScript libraries are referenced in the provided code.'}","Upon loading the webpage, users can interact with the seat map and movie dropdown to dynamically update the total price. Clicking on any available seat (i.e., a seat without the occupied class) marks it as selected, and the selected seat count updates in the element with data-testid=""selected-count"". Users can also select a movie from the dropdown (data-testid=""movie-select""), where each option has a value representing the ticket price. The total price, shown in the element with data-testid=""total-price"", is calculated as the number of selected seats multiplied by the selected movie’s price. Seats marked as occupied must not be selectable and should not affect the count or price. Changing the selected movie at any time updates the total price accordingly.",https://anonymous.4open.science/r/E2EDev/E2EDev_data/E2ESD_Bench_03/,"Feature: Seat Selection and Price Update
  The user can select an available seat and choose a movie from the dropdown menu, which updates the total price automatically based on the selected movie's price.


  Scenario: [Normal] User selects a seat and chooses a movie
    Given the webpage is loaded
    When the user clicks on the seat with data-testid ""seat-1-1""
    And the user selects ""Fargo ($12)"" from the dropdown with data-testid ""movie-select""
    Then the seat with data-testid ""seat-1-1"" should be marked as selected
    And the selected count with data-testid ""selected-count"" should display ""1""
    And the total price with data-testid ""total-price"" should display ""12""
","from behave import given, when, then
from selenium import webdriver
from selenium.webdriver.common.by import By
from selenium.webdriver.support.ui import WebDriverWait
from selenium.webdriver.support import expected_conditions as EC
import time

file_path = ""index.html""

@given('the webpage is loaded')
def step_given_webpage_loaded(context):
    context.driver = webdriver.Chrome()
    context.driver.get(f""file://index.html"")
    time.sleep(1)

@given('the user sees the seat with data-testid ""seat-1-1"" is available')
def step_given_seat_available(context):
    seat = WebDriverWait(context.driver, 10).until(
        EC.presence_of_element_located((By.CSS_SELECTOR, ""[data-testid='seat-1-1']""))
    )
    assert not seat.get_attribute(""class"").contains(""occupied""), ""Seat is occupied""
    time.sleep(1)

@when('the user clicks on the seat with data-testid ""seat-1-1""')
def step_when_user_clicks_seat(context):
    seat = WebDriverWait(context.driver, 10).until(
        EC.element_to_be_clickable((By.CSS_SELECTOR, ""[data-testid='seat-1-1']""))
    )
    seat.click()
    time.sleep(1)

@when('the user selects ""Fargo ($12)"" from the dropdown with data-testid ""movie-select""')
def step_when_user_selects_movie(context):
    movie_select = WebDriverWait(context.driver, 10).until(
        EC.element_to_be_clickable((By.CSS_SELECTOR, ""[data-testid='movie-select']""))
    )
    movie_select.click()
    option = WebDriverWait(context.driver, 10).until(
        EC.element_to_be_clickable((By.CSS_SELECTOR, ""[data-testid='movie-option-2']""))
    )
    option.click()
    time.sleep(1)

@then('the seat with data-testid ""seat-1-1"" should be marked as selected')
def step_then_seat_marked_selected(context):
    seat = WebDriverWait(context.driver, 10).until(
        EC.presence_of_element_located((By.CSS_SELECTOR, ""[data-testid='seat-1-1']""))
    )
    assert ""selected"" in seat.get_attribute(""class""), ""Seat is not marked as selected""
    time.sleep(1)

@then('the selected count with data-testid ""selected-count"" should display ""1""')
def step_then_selected_count_display(context):
    selected_count = WebDriverWait(context.driver, 10).until(
        EC.presence_of_element_located((By.CSS_SELECTOR, ""[data-testid='selected-count']""))
    )
    assert selected_count.text.strip() == ""1"", f""Expected selected count to be '1', but got '{selected_count.text.strip()}'""
    time.sleep(1)

@then('the total price with data-testid ""total-price"" should display ""12""')
def step_then_total_price_display(context):
    total_price = WebDriverWait(context.driver, 10).until(
        EC.presence_of_element_located((By.CSS_SELECTOR, ""[data-testid='total-price']""))
    )
    assert total_price.text.strip() == ""12"", f""Expected total price to be '12', but got '{total_price.text.strip()}'""
    time.sleep(1)

def after_scenario(context, scenario):
    context.driver.quit()"
E2ESD_Bench_03,1,2,"
    You are tasked with implementing a complete web application using HTML, JavaScript, and CSS. Your implementation must strictly follow the specifications described below.
    SUMMARY:
    {
    ""overview"": ""The Movie Seat Booking application allows users to select a movie and book seats in a theater. Users can choose from a list of movies, select available seats, and view the total cost of their selections. The application retains user selections using local storage to persist data across sessions."",
    ""predefined_options"": ""The application offers a set of predefined movie options, each associated with a specific ticket price and uniquely identifiable by its corresponding data-testid. The default selection is 'The Big Lebowski' priced at $10 (data-testid='movie-option-1'), followed by 'Fargo' at $12 (data-testid='movie-option-2'), 'O Brother' at $8 (data-testid='movie-option-3'), and 'No Country for Old Men' at $9 (data-testid='movie-option-4'). The theater seating is arranged in 6 rows, with each row containing 8 seats. Every seat is uniquely identifiable via a data-testid in the format seat-row-column. For example, seat-1-1 refers to the first seat in the first row, and seat-2-3 refers to the third seat in the second row. Initially, the following seats are marked as occupied: Row 2: Seat 4 (seat-2-4) and Seat 5 (seat-2-5); Row 3: Seat 7 (seat-3-7) and Seat 8 (seat-3-8); Row 5: Seat 4 (seat-5-4) and Seat 5 (seat-5-5); Row 6: Seat 5 (seat-6-5), Seat 6 (seat-6-6), and Seat 7 (seat-6-7). This configuration ensures that each seat and movie option can be distinctly identified and interacted with, facilitating robust and precise testing."",
    ""external_resources"": ""No external resources such as images or audio files are directly referenced in the provided code."",
    ""external_js_libraries"": ""No external JavaScript libraries are referenced in the provided code.""
}
    ## Functional Requirements
    Implement the following features as described. For each requirement, make sure the HTML structure, JavaScript behavior, and CSS styles match the specifications exactly.
    REQUIREMENTS:
    - Requirement 1: 
Upon loading the webpage, users can interact with the seat map and movie dropdown to dynamically update the total price. Clicking on any available seat (i.e., a seat without the occupied class) marks it as selected, and the selected seat count updates in the element with data-testid=""selected-count"". Users can also select a movie from the dropdown (data-testid=""movie-select""), where each option has a value representing the ticket price. The total price, shown in the element with data-testid=""total-price"", is calculated as the number of selected seats multiplied by the selected movie’s price. Seats marked as occupied must not be selectable and should not affect the count or price. Changing the selected movie at any time updates the total price accordingly.
- Requirement 2: 
Upon interacting with the movie seat booking interface, users can select a movie from a dropdown menu, with options like 'The Big Lebowski ($10)', 'Fargo ($12)', 'O Brother ($8)', and 'No Country for Old Men ($9)', each identified by a specific data-testid. Once a movie is selected, its price updates accordingly. When users click on an available seat (e.g., identified by data-testid=""seat-1-1""), the system toggles the seat's selection status. Selected seats are visually marked, and their indices are stored in localStorage. The seat count (data-testid=""selected-count"") and total price (data-testid=""total-price"") are dynamically updated based on the number of selected seats and the chosen movie's price. Seats marked as 'occupied' cannot be selected or included in the calculation. Users can deselect previously selected seats by clicking on them again, and the UI, along with localStorage, updates accordingly.
- Requirement 3: 
Upon loading the 'Movie Seat Booking' webpage, the system retrieves and applies previously selected seats and the movie selection from local storage. If local storage contains the keys 'selectedSeats' and 'selectedMovieIndex', the system will mark the seats corresponding to the indices in 'selectedSeats' with the 'selected' class. Additionally, the movie dropdown will be set to the option corresponding to 'selectedMovieIndex'. If local storage does not contain these values, no seats will be marked as 'selected', and the dropdown will default to the first movie option, 'The Big Lebowski ($10)'.
- Requirement 4: 
The system must dynamically display the number of selected seats and the total price as the user interacts with seat selections and movie choices. Specifically, when the user selects a movie from the dropdown menu with data-testid 'movie-select', the ticket price should be set according to the selected movie's value. As the user clicks on available seats (those without the 'occupied' class) within the seating area, the system should toggle the 'selected' class on the clicked seat. The count of selected seats, displayed with data-testid 'selected-count', should update to reflect the current number of seats with the 'selected' class. The total price, displayed with data-testid 'total-price', should be calculated as the product of the number of selected seats and the current ticket price. If a user deselects a seat by clicking on it again, the count and total price should decrease accordingly. If the user changes the movie selection after selecting seats, the total price should update based on the new ticket price while maintaining the count of selected seats. The system must prevent users from selecting seats marked as 'occupied'.
- Requirement 5: 
On the Movie Seat Booking page, users can distinguish between available, selected, and occupied seats through legends that indicate the status of each seat. Each status has its own corresponding legend (e.g., data-testid = 'seat-select') to help users understand the different seat states. Occupied seats are non-interactive and clearly marked to prevent selection. Available seats can be clicked to toggle their selection. When users select or deselect seats, the count of selected seats and the total price are updated accordingly.

    
    ## Output Format
    Provide a clean and complete implementation including:
    1. HTML structure (including necessary `data-testid`, `id`, and `class` values).
    2. JavaScript functionality that matches the behavior described.
    3. CSS for styling according to BEM and required class names.
    4. Ensure that the text content in the components is exactly as specified in the requirements.
    Do not include any extra components or libraries not listed above. Keep your code concise, semantic, and standards-compliant.
    ","{'overview': 'The Movie Seat Booking application allows users to select a movie and book seats in a theater. Users can choose from a list of movies, select available seats, and view the total cost of their selections. The application retains user selections using local storage to persist data across sessions.', 'predefined_options': ""The application offers a set of predefined movie options, each associated with a specific ticket price and uniquely identifiable by its corresponding data-testid. The default selection is 'The Big Lebowski' priced at $10 (data-testid='movie-option-1'), followed by 'Fargo' at $12 (data-testid='movie-option-2'), 'O Brother' at $8 (data-testid='movie-option-3'), and 'No Country for Old Men' at $9 (data-testid='movie-option-4'). The theater seating is arranged in 6 rows, with each row containing 8 seats. Every seat is uniquely identifiable via a data-testid in the format seat-row-column. For example, seat-1-1 refers to the first seat in the first row, and seat-2-3 refers to the third seat in the second row. Initially, the following seats are marked as occupied: Row 2: Seat 4 (seat-2-4) and Seat 5 (seat-2-5); Row 3: Seat 7 (seat-3-7) and Seat 8 (seat-3-8); Row 5: Seat 4 (seat-5-4) and Seat 5 (seat-5-5); Row 6: Seat 5 (seat-6-5), Seat 6 (seat-6-6), and Seat 7 (seat-6-7). This configuration ensures that each seat and movie option can be distinctly identified and interacted with, facilitating robust and precise testing."", 'external_resources': 'No external resources such as images or audio files are directly referenced in the provided code.', 'external_js_libraries': 'No external JavaScript libraries are referenced in the provided code.'}","Upon loading the webpage, users can interact with the seat map and movie dropdown to dynamically update the total price. Clicking on any available seat (i.e., a seat without the occupied class) marks it as selected, and the selected seat count updates in the element with data-testid=""selected-count"". Users can also select a movie from the dropdown (data-testid=""movie-select""), where each option has a value representing the ticket price. The total price, shown in the element with data-testid=""total-price"", is calculated as the number of selected seats multiplied by the selected movie’s price. Seats marked as occupied must not be selectable and should not affect the count or price. Changing the selected movie at any time updates the total price accordingly.",https://anonymous.4open.science/r/E2EDev/E2EDev_data/E2ESD_Bench_03/,"Feature: Seat Selection and Price Update
  The user can select an available seat and choose a movie from the dropdown menu, which updates the total price automatically based on the selected movie's price.


Scenario: [Edge] User selects multiple seats and changes the movie
    Given the webpage is loaded
    When the user clicks on the seat with data-testid ""seat-1-1""
    And the user clicks on the seat with data-testid ""seat-1-2""
    And the user selects ""O Brother ($8)"" from the dropdown with data-testid ""movie-select""
    Then the seats with data-testid ""seat-1-1"" and ""seat-1-2"" should be marked as selected
    And the selected count with data-testid ""selected-count"" should display ""2""
    And the total price with data-testid ""total-price"" should display ""16""","from behave import given, when, then
from selenium import webdriver
from selenium.webdriver.common.by import By
from selenium.webdriver.support.ui import WebDriverWait
from selenium.webdriver.support import expected_conditions as EC
import time

file_path = ""index.html""

@given('the webpage is loaded')
def step_given_webpage_loaded(context):
    context.driver = webdriver.Chrome()
    context.driver.get(f""file://index.html"")
    time.sleep(1)

@when('the user clicks on the seat with data-testid ""seat-1-1""')
def step_when_user_clicks_seat_1_1(context):
    seat = WebDriverWait(context.driver, 10).until(
        EC.element_to_be_clickable((By.CSS_SELECTOR, ""[data-testid='seat-1-1']""))
    )
    seat.click()
    time.sleep(1)

@when('the user clicks on the seat with data-testid ""seat-1-2""')
def step_when_user_clicks_seat_1_2(context):
    seat = WebDriverWait(context.driver, 10).until(
        EC.element_to_be_clickable((By.CSS_SELECTOR, ""[data-testid='seat-1-2']""))
    )
    seat.click()
    time.sleep(1)

@when('the user selects ""O Brother ($8)"" from the dropdown with data-testid ""movie-select""')
def step_when_user_selects_movie(context):
    movie_select = WebDriverWait(context.driver, 10).until(
        EC.element_to_be_clickable((By.CSS_SELECTOR, ""[data-testid='movie-select']""))
    )
    movie_select.click()
    option = WebDriverWait(context.driver, 10).until(
        EC.element_to_be_clickable((By.CSS_SELECTOR, ""[data-testid='movie-option-3']""))
    )
    option.click()
    time.sleep(1)

@then('the seats with data-testid ""seat-1-1"" and ""seat-1-2"" should be marked as selected')
def step_then_seats_marked_selected(context):
    seat_1_1 = context.driver.find_element(By.CSS_SELECTOR, ""[data-testid='seat-1-1']"")
    seat_1_2 = context.driver.find_element(By.CSS_SELECTOR, ""[data-testid='seat-1-2']"")
    assert ""selected"" in seat_1_1.get_attribute(""class""), ""Seat 1-1 is not marked as selected""
    assert ""selected"" in seat_1_2.get_attribute(""class""), ""Seat 1-2 is not marked as selected""

@then('the selected count with data-testid ""selected-count"" should display ""2""')
def step_then_selected_count_display(context):
    selected_count = context.driver.find_element(By.CSS_SELECTOR, ""[data-testid='selected-count']"")
    assert selected_count.text.strip() == ""2"", f""Expected selected count to be '2', but got '{selected_count.text.strip()}'""

@then('the total price with data-testid ""total-price"" should display ""16""')
def step_then_total_price_display(context):
    total_price = context.driver.find_element(By.CSS_SELECTOR, ""[data-testid='total-price']"")
    assert total_price.text.strip() == ""16"", f""Expected total price to be '16', but got '{total_price.text.strip()}'""

def after_scenario(context, scenario):
    context.driver.quit()"
E2ESD_Bench_03,1,3,"
    You are tasked with implementing a complete web application using HTML, JavaScript, and CSS. Your implementation must strictly follow the specifications described below.
    SUMMARY:
    {
    ""overview"": ""The Movie Seat Booking application allows users to select a movie and book seats in a theater. Users can choose from a list of movies, select available seats, and view the total cost of their selections. The application retains user selections using local storage to persist data across sessions."",
    ""predefined_options"": ""The application offers a set of predefined movie options, each associated with a specific ticket price and uniquely identifiable by its corresponding data-testid. The default selection is 'The Big Lebowski' priced at $10 (data-testid='movie-option-1'), followed by 'Fargo' at $12 (data-testid='movie-option-2'), 'O Brother' at $8 (data-testid='movie-option-3'), and 'No Country for Old Men' at $9 (data-testid='movie-option-4'). The theater seating is arranged in 6 rows, with each row containing 8 seats. Every seat is uniquely identifiable via a data-testid in the format seat-row-column. For example, seat-1-1 refers to the first seat in the first row, and seat-2-3 refers to the third seat in the second row. Initially, the following seats are marked as occupied: Row 2: Seat 4 (seat-2-4) and Seat 5 (seat-2-5); Row 3: Seat 7 (seat-3-7) and Seat 8 (seat-3-8); Row 5: Seat 4 (seat-5-4) and Seat 5 (seat-5-5); Row 6: Seat 5 (seat-6-5), Seat 6 (seat-6-6), and Seat 7 (seat-6-7). This configuration ensures that each seat and movie option can be distinctly identified and interacted with, facilitating robust and precise testing."",
    ""external_resources"": ""No external resources such as images or audio files are directly referenced in the provided code."",
    ""external_js_libraries"": ""No external JavaScript libraries are referenced in the provided code.""
}
    ## Functional Requirements
    Implement the following features as described. For each requirement, make sure the HTML structure, JavaScript behavior, and CSS styles match the specifications exactly.
    REQUIREMENTS:
    - Requirement 1: 
Upon loading the webpage, users can interact with the seat map and movie dropdown to dynamically update the total price. Clicking on any available seat (i.e., a seat without the occupied class) marks it as selected, and the selected seat count updates in the element with data-testid=""selected-count"". Users can also select a movie from the dropdown (data-testid=""movie-select""), where each option has a value representing the ticket price. The total price, shown in the element with data-testid=""total-price"", is calculated as the number of selected seats multiplied by the selected movie’s price. Seats marked as occupied must not be selectable and should not affect the count or price. Changing the selected movie at any time updates the total price accordingly.
- Requirement 2: 
Upon interacting with the movie seat booking interface, users can select a movie from a dropdown menu, with options like 'The Big Lebowski ($10)', 'Fargo ($12)', 'O Brother ($8)', and 'No Country for Old Men ($9)', each identified by a specific data-testid. Once a movie is selected, its price updates accordingly. When users click on an available seat (e.g., identified by data-testid=""seat-1-1""), the system toggles the seat's selection status. Selected seats are visually marked, and their indices are stored in localStorage. The seat count (data-testid=""selected-count"") and total price (data-testid=""total-price"") are dynamically updated based on the number of selected seats and the chosen movie's price. Seats marked as 'occupied' cannot be selected or included in the calculation. Users can deselect previously selected seats by clicking on them again, and the UI, along with localStorage, updates accordingly.
- Requirement 3: 
Upon loading the 'Movie Seat Booking' webpage, the system retrieves and applies previously selected seats and the movie selection from local storage. If local storage contains the keys 'selectedSeats' and 'selectedMovieIndex', the system will mark the seats corresponding to the indices in 'selectedSeats' with the 'selected' class. Additionally, the movie dropdown will be set to the option corresponding to 'selectedMovieIndex'. If local storage does not contain these values, no seats will be marked as 'selected', and the dropdown will default to the first movie option, 'The Big Lebowski ($10)'.
- Requirement 4: 
The system must dynamically display the number of selected seats and the total price as the user interacts with seat selections and movie choices. Specifically, when the user selects a movie from the dropdown menu with data-testid 'movie-select', the ticket price should be set according to the selected movie's value. As the user clicks on available seats (those without the 'occupied' class) within the seating area, the system should toggle the 'selected' class on the clicked seat. The count of selected seats, displayed with data-testid 'selected-count', should update to reflect the current number of seats with the 'selected' class. The total price, displayed with data-testid 'total-price', should be calculated as the product of the number of selected seats and the current ticket price. If a user deselects a seat by clicking on it again, the count and total price should decrease accordingly. If the user changes the movie selection after selecting seats, the total price should update based on the new ticket price while maintaining the count of selected seats. The system must prevent users from selecting seats marked as 'occupied'.
- Requirement 5: 
On the Movie Seat Booking page, users can distinguish between available, selected, and occupied seats through legends that indicate the status of each seat. Each status has its own corresponding legend (e.g., data-testid = 'seat-select') to help users understand the different seat states. Occupied seats are non-interactive and clearly marked to prevent selection. Available seats can be clicked to toggle their selection. When users select or deselect seats, the count of selected seats and the total price are updated accordingly.

    
    ## Output Format
    Provide a clean and complete implementation including:
    1. HTML structure (including necessary `data-testid`, `id`, and `class` values).
    2. JavaScript functionality that matches the behavior described.
    3. CSS for styling according to BEM and required class names.
    4. Ensure that the text content in the components is exactly as specified in the requirements.
    Do not include any extra components or libraries not listed above. Keep your code concise, semantic, and standards-compliant.
    ","{'overview': 'The Movie Seat Booking application allows users to select a movie and book seats in a theater. Users can choose from a list of movies, select available seats, and view the total cost of their selections. The application retains user selections using local storage to persist data across sessions.', 'predefined_options': ""The application offers a set of predefined movie options, each associated with a specific ticket price and uniquely identifiable by its corresponding data-testid. The default selection is 'The Big Lebowski' priced at $10 (data-testid='movie-option-1'), followed by 'Fargo' at $12 (data-testid='movie-option-2'), 'O Brother' at $8 (data-testid='movie-option-3'), and 'No Country for Old Men' at $9 (data-testid='movie-option-4'). The theater seating is arranged in 6 rows, with each row containing 8 seats. Every seat is uniquely identifiable via a data-testid in the format seat-row-column. For example, seat-1-1 refers to the first seat in the first row, and seat-2-3 refers to the third seat in the second row. Initially, the following seats are marked as occupied: Row 2: Seat 4 (seat-2-4) and Seat 5 (seat-2-5); Row 3: Seat 7 (seat-3-7) and Seat 8 (seat-3-8); Row 5: Seat 4 (seat-5-4) and Seat 5 (seat-5-5); Row 6: Seat 5 (seat-6-5), Seat 6 (seat-6-6), and Seat 7 (seat-6-7). This configuration ensures that each seat and movie option can be distinctly identified and interacted with, facilitating robust and precise testing."", 'external_resources': 'No external resources such as images or audio files are directly referenced in the provided code.', 'external_js_libraries': 'No external JavaScript libraries are referenced in the provided code.'}","Upon loading the webpage, users can interact with the seat map and movie dropdown to dynamically update the total price. Clicking on any available seat (i.e., a seat without the occupied class) marks it as selected, and the selected seat count updates in the element with data-testid=""selected-count"". Users can also select a movie from the dropdown (data-testid=""movie-select""), where each option has a value representing the ticket price. The total price, shown in the element with data-testid=""total-price"", is calculated as the number of selected seats multiplied by the selected movie’s price. Seats marked as occupied must not be selectable and should not affect the count or price. Changing the selected movie at any time updates the total price accordingly.",https://anonymous.4open.science/r/E2EDev/E2EDev_data/E2ESD_Bench_03/,"Feature: Seat Selection and Price Update
  The user can select an available seat and choose a movie from the dropdown menu, which updates the total price automatically based on the selected movie's price.


Scenario: [Error] User tries to select an occupied seat
    Given the webpage is loaded
    When the user clicks on the seat with data-testid ""seat-2-4""
    Then the seat with data-testid ""seat-2-4"" should not be marked as selected
    And the selected count with data-testid ""selected-count"" should display ""0""
    And the total price with data-testid ""total-price"" should display ""0""","from behave import given, when, then
from selenium import webdriver
from selenium.webdriver.common.by import By
from selenium.webdriver.support.ui import WebDriverWait
from selenium.webdriver.support import expected_conditions as EC
import time

file_path = ""index.html""

@given('the webpage is loaded')
def step_given_webpage_loaded(context):
    context.driver = webdriver.Chrome()
    context.driver.get(f""file://index.html"")
    time.sleep(1)  # Allow time for the page to load

@when('the user clicks on the seat with data-testid ""seat-2-4""')
def step_when_user_clicks_seat(context):
    seat = WebDriverWait(context.driver, 10).until(
        EC.element_to_be_clickable((By.CSS_SELECTOR, ""[data-testid='seat-2-4']""))
    )
    seat.click()
    time.sleep(1)  # Allow time for the click action to be processed

@then('the seat with data-testid ""seat-2-4"" should not be marked as selected')
def step_then_seat_not_selected(context):
    seat = context.driver.find_element(By.CSS_SELECTOR, ""[data-testid='seat-2-4']"")
    class_list = seat.get_attribute(""class"").split()
    assert ""selected"" not in class_list, ""Seat should not be marked as selected""

@then('the selected count with data-testid ""selected-count"" should display ""0""')
def step_then_selected_count_display(context):
    selected_count = context.driver.find_element(By.CSS_SELECTOR, ""[data-testid='selected-count']"")
    assert selected_count.text == ""0"", f""Expected selected count to be '0', but got '{selected_count.text}'""

@then('the total price with data-testid ""total-price"" should display ""0""')
def step_then_total_price_display(context):
    total_price = context.driver.find_element(By.CSS_SELECTOR, ""[data-testid='total-price']"")
    assert total_price.text == ""0"", f""Expected total price to be '0', but got '{total_price.text}'""

def after_scenario(context, scenario):
    context.driver.quit()"
E2ESD_Bench_03,1,4,"
    You are tasked with implementing a complete web application using HTML, JavaScript, and CSS. Your implementation must strictly follow the specifications described below.
    SUMMARY:
    {
    ""overview"": ""The Movie Seat Booking application allows users to select a movie and book seats in a theater. Users can choose from a list of movies, select available seats, and view the total cost of their selections. The application retains user selections using local storage to persist data across sessions."",
    ""predefined_options"": ""The application offers a set of predefined movie options, each associated with a specific ticket price and uniquely identifiable by its corresponding data-testid. The default selection is 'The Big Lebowski' priced at $10 (data-testid='movie-option-1'), followed by 'Fargo' at $12 (data-testid='movie-option-2'), 'O Brother' at $8 (data-testid='movie-option-3'), and 'No Country for Old Men' at $9 (data-testid='movie-option-4'). The theater seating is arranged in 6 rows, with each row containing 8 seats. Every seat is uniquely identifiable via a data-testid in the format seat-row-column. For example, seat-1-1 refers to the first seat in the first row, and seat-2-3 refers to the third seat in the second row. Initially, the following seats are marked as occupied: Row 2: Seat 4 (seat-2-4) and Seat 5 (seat-2-5); Row 3: Seat 7 (seat-3-7) and Seat 8 (seat-3-8); Row 5: Seat 4 (seat-5-4) and Seat 5 (seat-5-5); Row 6: Seat 5 (seat-6-5), Seat 6 (seat-6-6), and Seat 7 (seat-6-7). This configuration ensures that each seat and movie option can be distinctly identified and interacted with, facilitating robust and precise testing."",
    ""external_resources"": ""No external resources such as images or audio files are directly referenced in the provided code."",
    ""external_js_libraries"": ""No external JavaScript libraries are referenced in the provided code.""
}
    ## Functional Requirements
    Implement the following features as described. For each requirement, make sure the HTML structure, JavaScript behavior, and CSS styles match the specifications exactly.
    REQUIREMENTS:
    - Requirement 1: 
Upon loading the webpage, users can interact with the seat map and movie dropdown to dynamically update the total price. Clicking on any available seat (i.e., a seat without the occupied class) marks it as selected, and the selected seat count updates in the element with data-testid=""selected-count"". Users can also select a movie from the dropdown (data-testid=""movie-select""), where each option has a value representing the ticket price. The total price, shown in the element with data-testid=""total-price"", is calculated as the number of selected seats multiplied by the selected movie’s price. Seats marked as occupied must not be selectable and should not affect the count or price. Changing the selected movie at any time updates the total price accordingly.
- Requirement 2: 
Upon interacting with the movie seat booking interface, users can select a movie from a dropdown menu, with options like 'The Big Lebowski ($10)', 'Fargo ($12)', 'O Brother ($8)', and 'No Country for Old Men ($9)', each identified by a specific data-testid. Once a movie is selected, its price updates accordingly. When users click on an available seat (e.g., identified by data-testid=""seat-1-1""), the system toggles the seat's selection status. Selected seats are visually marked, and their indices are stored in localStorage. The seat count (data-testid=""selected-count"") and total price (data-testid=""total-price"") are dynamically updated based on the number of selected seats and the chosen movie's price. Seats marked as 'occupied' cannot be selected or included in the calculation. Users can deselect previously selected seats by clicking on them again, and the UI, along with localStorage, updates accordingly.
- Requirement 3: 
Upon loading the 'Movie Seat Booking' webpage, the system retrieves and applies previously selected seats and the movie selection from local storage. If local storage contains the keys 'selectedSeats' and 'selectedMovieIndex', the system will mark the seats corresponding to the indices in 'selectedSeats' with the 'selected' class. Additionally, the movie dropdown will be set to the option corresponding to 'selectedMovieIndex'. If local storage does not contain these values, no seats will be marked as 'selected', and the dropdown will default to the first movie option, 'The Big Lebowski ($10)'.
- Requirement 4: 
The system must dynamically display the number of selected seats and the total price as the user interacts with seat selections and movie choices. Specifically, when the user selects a movie from the dropdown menu with data-testid 'movie-select', the ticket price should be set according to the selected movie's value. As the user clicks on available seats (those without the 'occupied' class) within the seating area, the system should toggle the 'selected' class on the clicked seat. The count of selected seats, displayed with data-testid 'selected-count', should update to reflect the current number of seats with the 'selected' class. The total price, displayed with data-testid 'total-price', should be calculated as the product of the number of selected seats and the current ticket price. If a user deselects a seat by clicking on it again, the count and total price should decrease accordingly. If the user changes the movie selection after selecting seats, the total price should update based on the new ticket price while maintaining the count of selected seats. The system must prevent users from selecting seats marked as 'occupied'.
- Requirement 5: 
On the Movie Seat Booking page, users can distinguish between available, selected, and occupied seats through legends that indicate the status of each seat. Each status has its own corresponding legend (e.g., data-testid = 'seat-select') to help users understand the different seat states. Occupied seats are non-interactive and clearly marked to prevent selection. Available seats can be clicked to toggle their selection. When users select or deselect seats, the count of selected seats and the total price are updated accordingly.

    
    ## Output Format
    Provide a clean and complete implementation including:
    1. HTML structure (including necessary `data-testid`, `id`, and `class` values).
    2. JavaScript functionality that matches the behavior described.
    3. CSS for styling according to BEM and required class names.
    4. Ensure that the text content in the components is exactly as specified in the requirements.
    Do not include any extra components or libraries not listed above. Keep your code concise, semantic, and standards-compliant.
    ","{'overview': 'The Movie Seat Booking application allows users to select a movie and book seats in a theater. Users can choose from a list of movies, select available seats, and view the total cost of their selections. The application retains user selections using local storage to persist data across sessions.', 'predefined_options': ""The application offers a set of predefined movie options, each associated with a specific ticket price and uniquely identifiable by its corresponding data-testid. The default selection is 'The Big Lebowski' priced at $10 (data-testid='movie-option-1'), followed by 'Fargo' at $12 (data-testid='movie-option-2'), 'O Brother' at $8 (data-testid='movie-option-3'), and 'No Country for Old Men' at $9 (data-testid='movie-option-4'). The theater seating is arranged in 6 rows, with each row containing 8 seats. Every seat is uniquely identifiable via a data-testid in the format seat-row-column. For example, seat-1-1 refers to the first seat in the first row, and seat-2-3 refers to the third seat in the second row. Initially, the following seats are marked as occupied: Row 2: Seat 4 (seat-2-4) and Seat 5 (seat-2-5); Row 3: Seat 7 (seat-3-7) and Seat 8 (seat-3-8); Row 5: Seat 4 (seat-5-4) and Seat 5 (seat-5-5); Row 6: Seat 5 (seat-6-5), Seat 6 (seat-6-6), and Seat 7 (seat-6-7). This configuration ensures that each seat and movie option can be distinctly identified and interacted with, facilitating robust and precise testing."", 'external_resources': 'No external resources such as images or audio files are directly referenced in the provided code.', 'external_js_libraries': 'No external JavaScript libraries are referenced in the provided code.'}","Upon loading the webpage, users can interact with the seat map and movie dropdown to dynamically update the total price. Clicking on any available seat (i.e., a seat without the occupied class) marks it as selected, and the selected seat count updates in the element with data-testid=""selected-count"". Users can also select a movie from the dropdown (data-testid=""movie-select""), where each option has a value representing the ticket price. The total price, shown in the element with data-testid=""total-price"", is calculated as the number of selected seats multiplied by the selected movie’s price. Seats marked as occupied must not be selectable and should not affect the count or price. Changing the selected movie at any time updates the total price accordingly.",https://anonymous.4open.science/r/E2EDev/E2EDev_data/E2ESD_Bench_03/,"Feature: Seat Selection and Price Update
  The user can select an available seat and choose a movie from the dropdown menu, which updates the total price automatically based on the selected movie's price.


Scenario: [Normal] User changes movie selection after selecting a seat
    Given the webpage is loaded
    When the user clicks on the seat with data-testid ""seat-3-1""
    And the user selects ""The Big Lebowski ($10)"" from the dropdown with data-testid ""movie-select""
    Then the seat with data-testid ""seat-3-1"" should be marked as selected
    And the selected count with data-testid ""selected-count"" should display ""1""
    And the total price with data-testid ""total-price"" should display ""10""
    When the user selects ""No Country for Old Men ($9)"" from the dropdown with data-testid ""movie-select""
    Then the total price with data-testid ""total-price"" should update to ""9""","from behave import given, when, then
from selenium import webdriver
from selenium.webdriver.common.by import By
from selenium.webdriver.support.ui import WebDriverWait
from selenium.webdriver.support import expected_conditions as EC
import time

file_path = ""index.html""

@given('the webpage is loaded')
def step_given_webpage_loaded(context):
    context.driver = webdriver.Chrome()
    context.driver.get(f""file://index.html"")
    time.sleep(1)

@when('the user clicks on the seat with data-testid ""seat-3-1""')
def step_when_user_clicks_seat(context):
    seat = WebDriverWait(context.driver, 10).until(
        EC.element_to_be_clickable((By.CSS_SELECTOR, ""[data-testid='seat-3-1']""))
    )
    seat.click()
    time.sleep(1)

@when('the user selects ""The Big Lebowski ($10)"" from the dropdown with data-testid ""movie-select""')
def step_when_user_selects_movie_lebowski(context):
    movie_select = WebDriverWait(context.driver, 10).until(
        EC.element_to_be_clickable((By.CSS_SELECTOR, ""[data-testid='movie-select']""))
    )
    movie_select.click()
    option = context.driver.find_element(By.CSS_SELECTOR, ""[data-testid='movie-option-1']"")
    option.click()
    time.sleep(1)

@then('the seat with data-testid ""seat-3-1"" should be marked as selected')
def step_then_seat_marked_selected(context):
    seat = context.driver.find_element(By.CSS_SELECTOR, ""[data-testid='seat-3-1']"")
    class_list = seat.get_attribute(""class"").split()
    assert ""selected"" in class_list, ""Seat is not marked as selected""

@then('the selected count with data-testid ""selected-count"" should display ""1""')
def step_then_selected_count_display(context):
    selected_count = context.driver.find_element(By.CSS_SELECTOR, ""[data-testid='selected-count']"")
    assert selected_count.text == ""1"", f""Expected selected count to be '1', but got '{selected_count.text}'""

@then('the total price with data-testid ""total-price"" should display ""10""')
def step_then_total_price_display_10(context):
    total_price = context.driver.find_element(By.CSS_SELECTOR, ""[data-testid='total-price']"")
    assert total_price.text == ""10"", f""Expected total price to be '10', but got '{total_price.text}'""

@when('the user selects ""No Country for Old Men ($9)"" from the dropdown with data-testid ""movie-select""')
def step_when_user_selects_movie_no_country(context):
    movie_select = WebDriverWait(context.driver, 10).until(
        EC.element_to_be_clickable((By.CSS_SELECTOR, ""[data-testid='movie-select']""))
    )
    movie_select.click()
    option = context.driver.find_element(By.CSS_SELECTOR, ""[data-testid='movie-option-4']"")
    option.click()
    time.sleep(1)

@then('the total price with data-testid ""total-price"" should update to ""9""')
def step_then_total_price_update_9(context):
    total_price = context.driver.find_element(By.CSS_SELECTOR, ""[data-testid='total-price']"")
    assert total_price.text == ""9"", f""Expected total price to be '9', but got '{total_price.text}'""

def after_scenario(context, scenario):
    context.driver.quit()"
E2ESD_Bench_03,2,1,"
    You are tasked with implementing a complete web application using HTML, JavaScript, and CSS. Your implementation must strictly follow the specifications described below.
    SUMMARY:
    {
    ""overview"": ""The Movie Seat Booking application allows users to select a movie and book seats in a theater. Users can choose from a list of movies, select available seats, and view the total cost of their selections. The application retains user selections using local storage to persist data across sessions."",
    ""predefined_options"": ""The application offers a set of predefined movie options, each associated with a specific ticket price and uniquely identifiable by its corresponding data-testid. The default selection is 'The Big Lebowski' priced at $10 (data-testid='movie-option-1'), followed by 'Fargo' at $12 (data-testid='movie-option-2'), 'O Brother' at $8 (data-testid='movie-option-3'), and 'No Country for Old Men' at $9 (data-testid='movie-option-4'). The theater seating is arranged in 6 rows, with each row containing 8 seats. Every seat is uniquely identifiable via a data-testid in the format seat-row-column. For example, seat-1-1 refers to the first seat in the first row, and seat-2-3 refers to the third seat in the second row. Initially, the following seats are marked as occupied: Row 2: Seat 4 (seat-2-4) and Seat 5 (seat-2-5); Row 3: Seat 7 (seat-3-7) and Seat 8 (seat-3-8); Row 5: Seat 4 (seat-5-4) and Seat 5 (seat-5-5); Row 6: Seat 5 (seat-6-5), Seat 6 (seat-6-6), and Seat 7 (seat-6-7). This configuration ensures that each seat and movie option can be distinctly identified and interacted with, facilitating robust and precise testing."",
    ""external_resources"": ""No external resources such as images or audio files are directly referenced in the provided code."",
    ""external_js_libraries"": ""No external JavaScript libraries are referenced in the provided code.""
}
    ## Functional Requirements
    Implement the following features as described. For each requirement, make sure the HTML structure, JavaScript behavior, and CSS styles match the specifications exactly.
    REQUIREMENTS:
    - Requirement 1: 
Upon loading the webpage, users can interact with the seat map and movie dropdown to dynamically update the total price. Clicking on any available seat (i.e., a seat without the occupied class) marks it as selected, and the selected seat count updates in the element with data-testid=""selected-count"". Users can also select a movie from the dropdown (data-testid=""movie-select""), where each option has a value representing the ticket price. The total price, shown in the element with data-testid=""total-price"", is calculated as the number of selected seats multiplied by the selected movie’s price. Seats marked as occupied must not be selectable and should not affect the count or price. Changing the selected movie at any time updates the total price accordingly.
- Requirement 2: 
Upon interacting with the movie seat booking interface, users can select a movie from a dropdown menu, with options like 'The Big Lebowski ($10)', 'Fargo ($12)', 'O Brother ($8)', and 'No Country for Old Men ($9)', each identified by a specific data-testid. Once a movie is selected, its price updates accordingly. When users click on an available seat (e.g., identified by data-testid=""seat-1-1""), the system toggles the seat's selection status. Selected seats are visually marked, and their indices are stored in localStorage. The seat count (data-testid=""selected-count"") and total price (data-testid=""total-price"") are dynamically updated based on the number of selected seats and the chosen movie's price. Seats marked as 'occupied' cannot be selected or included in the calculation. Users can deselect previously selected seats by clicking on them again, and the UI, along with localStorage, updates accordingly.
- Requirement 3: 
Upon loading the 'Movie Seat Booking' webpage, the system retrieves and applies previously selected seats and the movie selection from local storage. If local storage contains the keys 'selectedSeats' and 'selectedMovieIndex', the system will mark the seats corresponding to the indices in 'selectedSeats' with the 'selected' class. Additionally, the movie dropdown will be set to the option corresponding to 'selectedMovieIndex'. If local storage does not contain these values, no seats will be marked as 'selected', and the dropdown will default to the first movie option, 'The Big Lebowski ($10)'.
- Requirement 4: 
The system must dynamically display the number of selected seats and the total price as the user interacts with seat selections and movie choices. Specifically, when the user selects a movie from the dropdown menu with data-testid 'movie-select', the ticket price should be set according to the selected movie's value. As the user clicks on available seats (those without the 'occupied' class) within the seating area, the system should toggle the 'selected' class on the clicked seat. The count of selected seats, displayed with data-testid 'selected-count', should update to reflect the current number of seats with the 'selected' class. The total price, displayed with data-testid 'total-price', should be calculated as the product of the number of selected seats and the current ticket price. If a user deselects a seat by clicking on it again, the count and total price should decrease accordingly. If the user changes the movie selection after selecting seats, the total price should update based on the new ticket price while maintaining the count of selected seats. The system must prevent users from selecting seats marked as 'occupied'.
- Requirement 5: 
On the Movie Seat Booking page, users can distinguish between available, selected, and occupied seats through legends that indicate the status of each seat. Each status has its own corresponding legend (e.g., data-testid = 'seat-select') to help users understand the different seat states. Occupied seats are non-interactive and clearly marked to prevent selection. Available seats can be clicked to toggle their selection. When users select or deselect seats, the count of selected seats and the total price are updated accordingly.

    
    ## Output Format
    Provide a clean and complete implementation including:
    1. HTML structure (including necessary `data-testid`, `id`, and `class` values).
    2. JavaScript functionality that matches the behavior described.
    3. CSS for styling according to BEM and required class names.
    4. Ensure that the text content in the components is exactly as specified in the requirements.
    Do not include any extra components or libraries not listed above. Keep your code concise, semantic, and standards-compliant.
    ","{'overview': 'The Movie Seat Booking application allows users to select a movie and book seats in a theater. Users can choose from a list of movies, select available seats, and view the total cost of their selections. The application retains user selections using local storage to persist data across sessions.', 'predefined_options': ""The application offers a set of predefined movie options, each associated with a specific ticket price and uniquely identifiable by its corresponding data-testid. The default selection is 'The Big Lebowski' priced at $10 (data-testid='movie-option-1'), followed by 'Fargo' at $12 (data-testid='movie-option-2'), 'O Brother' at $8 (data-testid='movie-option-3'), and 'No Country for Old Men' at $9 (data-testid='movie-option-4'). The theater seating is arranged in 6 rows, with each row containing 8 seats. Every seat is uniquely identifiable via a data-testid in the format seat-row-column. For example, seat-1-1 refers to the first seat in the first row, and seat-2-3 refers to the third seat in the second row. Initially, the following seats are marked as occupied: Row 2: Seat 4 (seat-2-4) and Seat 5 (seat-2-5); Row 3: Seat 7 (seat-3-7) and Seat 8 (seat-3-8); Row 5: Seat 4 (seat-5-4) and Seat 5 (seat-5-5); Row 6: Seat 5 (seat-6-5), Seat 6 (seat-6-6), and Seat 7 (seat-6-7). This configuration ensures that each seat and movie option can be distinctly identified and interacted with, facilitating robust and precise testing."", 'external_resources': 'No external resources such as images or audio files are directly referenced in the provided code.', 'external_js_libraries': 'No external JavaScript libraries are referenced in the provided code.'}","Upon interacting with the movie seat booking interface, users can select a movie from a dropdown menu, with options like 'The Big Lebowski ($10)', 'Fargo ($12)', 'O Brother ($8)', and 'No Country for Old Men ($9)', each identified by a specific data-testid. Once a movie is selected, its price updates accordingly. When users click on an available seat (e.g., identified by data-testid=""seat-1-1""), the system toggles the seat's selection status. Selected seats are visually marked, and their indices are stored in localStorage. The seat count (data-testid=""selected-count"") and total price (data-testid=""total-price"") are dynamically updated based on the number of selected seats and the chosen movie's price. Seats marked as 'occupied' cannot be selected or included in the calculation. Users can deselect previously selected seats by clicking on them again, and the UI, along with localStorage, updates accordingly.",https://anonymous.4open.science/r/E2EDev/E2EDev_data/E2ESD_Bench_03/,"Feature: Seat Selection and Price Calculation
  The system should allow users to toggle the selection status of available seats, update the count of selected seats, calculate the total price, and store the indices of selected seats in local storage.


  Scenario: [Normal] Toggle seat selection and update count and price
    Given the movie seat booking page is loaded
    And the user selects ""The Big Lebowski ($10)"" from the movie dropdown with data-testid ""movie-select""
    And the user sees 0 seats selected and a total price of $0
    When the user clicks on an available seat with data-testid ""seat-1-1""
    Then the seat with data-testid ""seat-1-1"" should be marked as selected
    And the user should see 1 seat selected and a total price of $10
    And local storage should contain the index of the selected seat
","from behave import given, when, then
from selenium import webdriver
from selenium.webdriver.common.by import By
from selenium.webdriver.support.ui import WebDriverWait
from selenium.webdriver.support import expected_conditions as EC
import time

file_path = ""index.html""

@given('the movie seat booking page is loaded')
def step_given_page_is_loaded(context):
    context.driver = webdriver.Chrome()
    context.driver.get(f""file://index.html"")
    time.sleep(1)

@given('the user selects ""The Big Lebowski ($10)"" from the movie dropdown with data-testid ""movie-select""')
def step_given_select_movie(context):
    movie_select = WebDriverWait(context.driver, 10).until(
        EC.element_to_be_clickable((By.CSS_SELECTOR, ""[data-testid='movie-select']""))
    )
    movie_select.click()
    time.sleep(1)
    option = context.driver.find_element(By.CSS_SELECTOR, ""[data-testid='movie-option-1']"")
    option.click()
    time.sleep(1)

@given('the user sees 0 seats selected and a total price of $0')
def step_given_initial_seat_count_and_price(context):
    selected_count = context.driver.find_element(By.CSS_SELECTOR, ""[data-testid='selected-count']"")
    total_price = context.driver.find_element(By.CSS_SELECTOR, ""[data-testid='total-price']"")
    assert selected_count.text.strip() == ""0"", f""Expected 0 seats selected, but got {selected_count.text.strip()}""
    assert total_price.text.strip() == ""0"", f""Expected total price $0, but got {total_price.text.strip()}""

@when('the user clicks on an available seat with data-testid ""seat-1-1""')
def step_when_click_on_seat(context):
    seat = WebDriverWait(context.driver, 10).until(
        EC.element_to_be_clickable((By.CSS_SELECTOR, ""[data-testid='seat-1-1']""))
    )
    seat.click()
    time.sleep(1)

@then('the seat with data-testid ""seat-1-1"" should be marked as selected')
def step_then_seat_marked_selected(context):
    seat = context.driver.find_element(By.CSS_SELECTOR, ""[data-testid='seat-1-1']"")
    assert ""selected"" in seat.get_attribute(""class"").split(), ""Seat is not marked as selected""

@then('the user should see 1 seat selected and a total price of $10')
def step_then_seat_count_and_price_updated(context):
    selected_count = context.driver.find_element(By.CSS_SELECTOR, ""[data-testid='selected-count']"")
    total_price = context.driver.find_element(By.CSS_SELECTOR, ""[data-testid='total-price']"")
    assert selected_count.text.strip() == ""1"", f""Expected 1 seat selected, but got {selected_count.text.strip()}""
    assert total_price.text.strip() == ""10"", f""Expected total price $10, but got {total_price.text.strip()}""

@then('local storage should contain the index of the selected seat')
def step_then_local_storage_contains_seat_index(context):
    selected_seats = context.driver.execute_script(""return localStorage.getItem('selectedSeats');"")
    assert selected_seats is not None, ""Local storage does not contain selected seats""
    assert ""0"" in selected_seats, f""Expected seat index 0 in local storage, but got {selected_seats}""

def after_scenario(context, scenario):
    context.driver.quit()"
E2ESD_Bench_03,2,2,"
    You are tasked with implementing a complete web application using HTML, JavaScript, and CSS. Your implementation must strictly follow the specifications described below.
    SUMMARY:
    {
    ""overview"": ""The Movie Seat Booking application allows users to select a movie and book seats in a theater. Users can choose from a list of movies, select available seats, and view the total cost of their selections. The application retains user selections using local storage to persist data across sessions."",
    ""predefined_options"": ""The application offers a set of predefined movie options, each associated with a specific ticket price and uniquely identifiable by its corresponding data-testid. The default selection is 'The Big Lebowski' priced at $10 (data-testid='movie-option-1'), followed by 'Fargo' at $12 (data-testid='movie-option-2'), 'O Brother' at $8 (data-testid='movie-option-3'), and 'No Country for Old Men' at $9 (data-testid='movie-option-4'). The theater seating is arranged in 6 rows, with each row containing 8 seats. Every seat is uniquely identifiable via a data-testid in the format seat-row-column. For example, seat-1-1 refers to the first seat in the first row, and seat-2-3 refers to the third seat in the second row. Initially, the following seats are marked as occupied: Row 2: Seat 4 (seat-2-4) and Seat 5 (seat-2-5); Row 3: Seat 7 (seat-3-7) and Seat 8 (seat-3-8); Row 5: Seat 4 (seat-5-4) and Seat 5 (seat-5-5); Row 6: Seat 5 (seat-6-5), Seat 6 (seat-6-6), and Seat 7 (seat-6-7). This configuration ensures that each seat and movie option can be distinctly identified and interacted with, facilitating robust and precise testing."",
    ""external_resources"": ""No external resources such as images or audio files are directly referenced in the provided code."",
    ""external_js_libraries"": ""No external JavaScript libraries are referenced in the provided code.""
}
    ## Functional Requirements
    Implement the following features as described. For each requirement, make sure the HTML structure, JavaScript behavior, and CSS styles match the specifications exactly.
    REQUIREMENTS:
    - Requirement 1: 
Upon loading the webpage, users can interact with the seat map and movie dropdown to dynamically update the total price. Clicking on any available seat (i.e., a seat without the occupied class) marks it as selected, and the selected seat count updates in the element with data-testid=""selected-count"". Users can also select a movie from the dropdown (data-testid=""movie-select""), where each option has a value representing the ticket price. The total price, shown in the element with data-testid=""total-price"", is calculated as the number of selected seats multiplied by the selected movie’s price. Seats marked as occupied must not be selectable and should not affect the count or price. Changing the selected movie at any time updates the total price accordingly.
- Requirement 2: 
Upon interacting with the movie seat booking interface, users can select a movie from a dropdown menu, with options like 'The Big Lebowski ($10)', 'Fargo ($12)', 'O Brother ($8)', and 'No Country for Old Men ($9)', each identified by a specific data-testid. Once a movie is selected, its price updates accordingly. When users click on an available seat (e.g., identified by data-testid=""seat-1-1""), the system toggles the seat's selection status. Selected seats are visually marked, and their indices are stored in localStorage. The seat count (data-testid=""selected-count"") and total price (data-testid=""total-price"") are dynamically updated based on the number of selected seats and the chosen movie's price. Seats marked as 'occupied' cannot be selected or included in the calculation. Users can deselect previously selected seats by clicking on them again, and the UI, along with localStorage, updates accordingly.
- Requirement 3: 
Upon loading the 'Movie Seat Booking' webpage, the system retrieves and applies previously selected seats and the movie selection from local storage. If local storage contains the keys 'selectedSeats' and 'selectedMovieIndex', the system will mark the seats corresponding to the indices in 'selectedSeats' with the 'selected' class. Additionally, the movie dropdown will be set to the option corresponding to 'selectedMovieIndex'. If local storage does not contain these values, no seats will be marked as 'selected', and the dropdown will default to the first movie option, 'The Big Lebowski ($10)'.
- Requirement 4: 
The system must dynamically display the number of selected seats and the total price as the user interacts with seat selections and movie choices. Specifically, when the user selects a movie from the dropdown menu with data-testid 'movie-select', the ticket price should be set according to the selected movie's value. As the user clicks on available seats (those without the 'occupied' class) within the seating area, the system should toggle the 'selected' class on the clicked seat. The count of selected seats, displayed with data-testid 'selected-count', should update to reflect the current number of seats with the 'selected' class. The total price, displayed with data-testid 'total-price', should be calculated as the product of the number of selected seats and the current ticket price. If a user deselects a seat by clicking on it again, the count and total price should decrease accordingly. If the user changes the movie selection after selecting seats, the total price should update based on the new ticket price while maintaining the count of selected seats. The system must prevent users from selecting seats marked as 'occupied'.
- Requirement 5: 
On the Movie Seat Booking page, users can distinguish between available, selected, and occupied seats through legends that indicate the status of each seat. Each status has its own corresponding legend (e.g., data-testid = 'seat-select') to help users understand the different seat states. Occupied seats are non-interactive and clearly marked to prevent selection. Available seats can be clicked to toggle their selection. When users select or deselect seats, the count of selected seats and the total price are updated accordingly.

    
    ## Output Format
    Provide a clean and complete implementation including:
    1. HTML structure (including necessary `data-testid`, `id`, and `class` values).
    2. JavaScript functionality that matches the behavior described.
    3. CSS for styling according to BEM and required class names.
    4. Ensure that the text content in the components is exactly as specified in the requirements.
    Do not include any extra components or libraries not listed above. Keep your code concise, semantic, and standards-compliant.
    ","{'overview': 'The Movie Seat Booking application allows users to select a movie and book seats in a theater. Users can choose from a list of movies, select available seats, and view the total cost of their selections. The application retains user selections using local storage to persist data across sessions.', 'predefined_options': ""The application offers a set of predefined movie options, each associated with a specific ticket price and uniquely identifiable by its corresponding data-testid. The default selection is 'The Big Lebowski' priced at $10 (data-testid='movie-option-1'), followed by 'Fargo' at $12 (data-testid='movie-option-2'), 'O Brother' at $8 (data-testid='movie-option-3'), and 'No Country for Old Men' at $9 (data-testid='movie-option-4'). The theater seating is arranged in 6 rows, with each row containing 8 seats. Every seat is uniquely identifiable via a data-testid in the format seat-row-column. For example, seat-1-1 refers to the first seat in the first row, and seat-2-3 refers to the third seat in the second row. Initially, the following seats are marked as occupied: Row 2: Seat 4 (seat-2-4) and Seat 5 (seat-2-5); Row 3: Seat 7 (seat-3-7) and Seat 8 (seat-3-8); Row 5: Seat 4 (seat-5-4) and Seat 5 (seat-5-5); Row 6: Seat 5 (seat-6-5), Seat 6 (seat-6-6), and Seat 7 (seat-6-7). This configuration ensures that each seat and movie option can be distinctly identified and interacted with, facilitating robust and precise testing."", 'external_resources': 'No external resources such as images or audio files are directly referenced in the provided code.', 'external_js_libraries': 'No external JavaScript libraries are referenced in the provided code.'}","Upon interacting with the movie seat booking interface, users can select a movie from a dropdown menu, with options like 'The Big Lebowski ($10)', 'Fargo ($12)', 'O Brother ($8)', and 'No Country for Old Men ($9)', each identified by a specific data-testid. Once a movie is selected, its price updates accordingly. When users click on an available seat (e.g., identified by data-testid=""seat-1-1""), the system toggles the seat's selection status. Selected seats are visually marked, and their indices are stored in localStorage. The seat count (data-testid=""selected-count"") and total price (data-testid=""total-price"") are dynamically updated based on the number of selected seats and the chosen movie's price. Seats marked as 'occupied' cannot be selected or included in the calculation. Users can deselect previously selected seats by clicking on them again, and the UI, along with localStorage, updates accordingly.",https://anonymous.4open.science/r/E2EDev/E2EDev_data/E2ESD_Bench_03/,"Feature: Seat Selection and Price Calculation
  The system should allow users to toggle the selection status of available seats, update the count of selected seats, calculate the total price, and store the indices of selected seats in local storage.


  Scenario: [Edge] Toggle multiple seats and verify count and price
    Given the movie seat booking page is loaded
    And the user selects ""Fargo ($12)"" from the movie dropdown with data-testid ""movie-select""
    And the user sees 0 seats selected and a total price of $0
    When the user clicks on available seats with data-testid ""seat-1-1"" and ""seat-1-2""
    Then the seats with data-testid ""seat-1-1"" and ""seat-1-2"" should be marked as selected
    And the user should see 2 seats selected and a total price of $24
    And local storage should contain the indices of the selected seats
","from behave import given, when, then
from selenium import webdriver
from selenium.webdriver.common.by import By
from selenium.webdriver.support.ui import WebDriverWait
from selenium.webdriver.support import expected_conditions as EC
import time

file_path = ""index.html""

@given('the movie seat booking page is loaded')
def step_given_page_loaded(context):
    context.driver = webdriver.Chrome()
    context.driver.get(f""file://index.html"")
    time.sleep(1)

@given('the user selects ""Fargo ($12)"" from the movie dropdown with data-testid ""movie-select""')
def step_given_select_movie(context):
    movie_select = WebDriverWait(context.driver, 10).until(
        EC.element_to_be_clickable((By.CSS_SELECTOR, ""[data-testid='movie-select']""))
    )
    movie_select.click()
    time.sleep(1)
    fargo_option = context.driver.find_element(By.CSS_SELECTOR, ""[data-testid='movie-option-2']"")
    fargo_option.click()
    time.sleep(1)

@given('the user sees 0 seats selected and a total price of $0')
def step_given_initial_seat_count(context):
    selected_count = context.driver.find_element(By.CSS_SELECTOR, ""[data-testid='selected-count']"")
    total_price = context.driver.find_element(By.CSS_SELECTOR, ""[data-testid='total-price']"")
    assert selected_count.text.strip() == ""0"", f""Expected 0 seats selected, but got {selected_count.text.strip()}""
    assert total_price.text.strip() == ""0"", f""Expected total price $0, but got {total_price.text.strip()}""

@when('the user clicks on available seats with data-testid ""seat-1-1"" and ""seat-1-2""')
def step_when_click_seats(context):
    seat_1_1 = WebDriverWait(context.driver, 10).until(
        EC.element_to_be_clickable((By.CSS_SELECTOR, ""[data-testid='seat-1-1']""))
    )
    seat_1_1.click()
    time.sleep(1)
    seat_1_2 = WebDriverWait(context.driver, 10).until(
        EC.element_to_be_clickable((By.CSS_SELECTOR, ""[data-testid='seat-1-2']""))
    )
    seat_1_2.click()
    time.sleep(1)

@then('the seats with data-testid ""seat-1-1"" and ""seat-1-2"" should be marked as selected')
def step_then_seats_marked_selected(context):
    seat_1_1 = context.driver.find_element(By.CSS_SELECTOR, ""[data-testid='seat-1-1']"")
    seat_1_2 = context.driver.find_element(By.CSS_SELECTOR, ""[data-testid='seat-1-2']"")
    assert ""selected"" in seat_1_1.get_attribute(""class""), ""Seat 1-1 is not marked as selected""
    assert ""selected"" in seat_1_2.get_attribute(""class""), ""Seat 1-2 is not marked as selected""

@then('the user should see 2 seats selected and a total price of $24')
def step_then_seat_count_and_price(context):
    selected_count = context.driver.find_element(By.CSS_SELECTOR, ""[data-testid='selected-count']"")
    total_price = context.driver.find_element(By.CSS_SELECTOR, ""[data-testid='total-price']"")
    assert selected_count.text.strip() == ""2"", f""Expected 2 seats selected, but got {selected_count.text.strip()}""
    assert total_price.text.strip() == ""24"", f""Expected total price $24, but got {total_price.text.strip()}""

@then('local storage should contain the indices of the selected seats')
def step_then_local_storage(context):
    selected_seats = context.driver.execute_script(""return localStorage.getItem('selectedSeats');"")
    assert selected_seats is not None, ""Local storage does not contain selected seats""
    selected_seats_indices = [int(index) for index in selected_seats.strip('[]').split(',')]
    assert 0 in selected_seats_indices, ""Seat index 0 (seat-1-1) not found in local storage""
    assert 1 in selected_seats_indices, ""Seat index 1 (seat-1-2) not found in local storage""

def after_scenario(context, scenario):
    context.driver.quit()"
E2ESD_Bench_03,2,3,"
    You are tasked with implementing a complete web application using HTML, JavaScript, and CSS. Your implementation must strictly follow the specifications described below.
    SUMMARY:
    {
    ""overview"": ""The Movie Seat Booking application allows users to select a movie and book seats in a theater. Users can choose from a list of movies, select available seats, and view the total cost of their selections. The application retains user selections using local storage to persist data across sessions."",
    ""predefined_options"": ""The application offers a set of predefined movie options, each associated with a specific ticket price and uniquely identifiable by its corresponding data-testid. The default selection is 'The Big Lebowski' priced at $10 (data-testid='movie-option-1'), followed by 'Fargo' at $12 (data-testid='movie-option-2'), 'O Brother' at $8 (data-testid='movie-option-3'), and 'No Country for Old Men' at $9 (data-testid='movie-option-4'). The theater seating is arranged in 6 rows, with each row containing 8 seats. Every seat is uniquely identifiable via a data-testid in the format seat-row-column. For example, seat-1-1 refers to the first seat in the first row, and seat-2-3 refers to the third seat in the second row. Initially, the following seats are marked as occupied: Row 2: Seat 4 (seat-2-4) and Seat 5 (seat-2-5); Row 3: Seat 7 (seat-3-7) and Seat 8 (seat-3-8); Row 5: Seat 4 (seat-5-4) and Seat 5 (seat-5-5); Row 6: Seat 5 (seat-6-5), Seat 6 (seat-6-6), and Seat 7 (seat-6-7). This configuration ensures that each seat and movie option can be distinctly identified and interacted with, facilitating robust and precise testing."",
    ""external_resources"": ""No external resources such as images or audio files are directly referenced in the provided code."",
    ""external_js_libraries"": ""No external JavaScript libraries are referenced in the provided code.""
}
    ## Functional Requirements
    Implement the following features as described. For each requirement, make sure the HTML structure, JavaScript behavior, and CSS styles match the specifications exactly.
    REQUIREMENTS:
    - Requirement 1: 
Upon loading the webpage, users can interact with the seat map and movie dropdown to dynamically update the total price. Clicking on any available seat (i.e., a seat without the occupied class) marks it as selected, and the selected seat count updates in the element with data-testid=""selected-count"". Users can also select a movie from the dropdown (data-testid=""movie-select""), where each option has a value representing the ticket price. The total price, shown in the element with data-testid=""total-price"", is calculated as the number of selected seats multiplied by the selected movie’s price. Seats marked as occupied must not be selectable and should not affect the count or price. Changing the selected movie at any time updates the total price accordingly.
- Requirement 2: 
Upon interacting with the movie seat booking interface, users can select a movie from a dropdown menu, with options like 'The Big Lebowski ($10)', 'Fargo ($12)', 'O Brother ($8)', and 'No Country for Old Men ($9)', each identified by a specific data-testid. Once a movie is selected, its price updates accordingly. When users click on an available seat (e.g., identified by data-testid=""seat-1-1""), the system toggles the seat's selection status. Selected seats are visually marked, and their indices are stored in localStorage. The seat count (data-testid=""selected-count"") and total price (data-testid=""total-price"") are dynamically updated based on the number of selected seats and the chosen movie's price. Seats marked as 'occupied' cannot be selected or included in the calculation. Users can deselect previously selected seats by clicking on them again, and the UI, along with localStorage, updates accordingly.
- Requirement 3: 
Upon loading the 'Movie Seat Booking' webpage, the system retrieves and applies previously selected seats and the movie selection from local storage. If local storage contains the keys 'selectedSeats' and 'selectedMovieIndex', the system will mark the seats corresponding to the indices in 'selectedSeats' with the 'selected' class. Additionally, the movie dropdown will be set to the option corresponding to 'selectedMovieIndex'. If local storage does not contain these values, no seats will be marked as 'selected', and the dropdown will default to the first movie option, 'The Big Lebowski ($10)'.
- Requirement 4: 
The system must dynamically display the number of selected seats and the total price as the user interacts with seat selections and movie choices. Specifically, when the user selects a movie from the dropdown menu with data-testid 'movie-select', the ticket price should be set according to the selected movie's value. As the user clicks on available seats (those without the 'occupied' class) within the seating area, the system should toggle the 'selected' class on the clicked seat. The count of selected seats, displayed with data-testid 'selected-count', should update to reflect the current number of seats with the 'selected' class. The total price, displayed with data-testid 'total-price', should be calculated as the product of the number of selected seats and the current ticket price. If a user deselects a seat by clicking on it again, the count and total price should decrease accordingly. If the user changes the movie selection after selecting seats, the total price should update based on the new ticket price while maintaining the count of selected seats. The system must prevent users from selecting seats marked as 'occupied'.
- Requirement 5: 
On the Movie Seat Booking page, users can distinguish between available, selected, and occupied seats through legends that indicate the status of each seat. Each status has its own corresponding legend (e.g., data-testid = 'seat-select') to help users understand the different seat states. Occupied seats are non-interactive and clearly marked to prevent selection. Available seats can be clicked to toggle their selection. When users select or deselect seats, the count of selected seats and the total price are updated accordingly.

    
    ## Output Format
    Provide a clean and complete implementation including:
    1. HTML structure (including necessary `data-testid`, `id`, and `class` values).
    2. JavaScript functionality that matches the behavior described.
    3. CSS for styling according to BEM and required class names.
    4. Ensure that the text content in the components is exactly as specified in the requirements.
    Do not include any extra components or libraries not listed above. Keep your code concise, semantic, and standards-compliant.
    ","{'overview': 'The Movie Seat Booking application allows users to select a movie and book seats in a theater. Users can choose from a list of movies, select available seats, and view the total cost of their selections. The application retains user selections using local storage to persist data across sessions.', 'predefined_options': ""The application offers a set of predefined movie options, each associated with a specific ticket price and uniquely identifiable by its corresponding data-testid. The default selection is 'The Big Lebowski' priced at $10 (data-testid='movie-option-1'), followed by 'Fargo' at $12 (data-testid='movie-option-2'), 'O Brother' at $8 (data-testid='movie-option-3'), and 'No Country for Old Men' at $9 (data-testid='movie-option-4'). The theater seating is arranged in 6 rows, with each row containing 8 seats. Every seat is uniquely identifiable via a data-testid in the format seat-row-column. For example, seat-1-1 refers to the first seat in the first row, and seat-2-3 refers to the third seat in the second row. Initially, the following seats are marked as occupied: Row 2: Seat 4 (seat-2-4) and Seat 5 (seat-2-5); Row 3: Seat 7 (seat-3-7) and Seat 8 (seat-3-8); Row 5: Seat 4 (seat-5-4) and Seat 5 (seat-5-5); Row 6: Seat 5 (seat-6-5), Seat 6 (seat-6-6), and Seat 7 (seat-6-7). This configuration ensures that each seat and movie option can be distinctly identified and interacted with, facilitating robust and precise testing."", 'external_resources': 'No external resources such as images or audio files are directly referenced in the provided code.', 'external_js_libraries': 'No external JavaScript libraries are referenced in the provided code.'}","Upon interacting with the movie seat booking interface, users can select a movie from a dropdown menu, with options like 'The Big Lebowski ($10)', 'Fargo ($12)', 'O Brother ($8)', and 'No Country for Old Men ($9)', each identified by a specific data-testid. Once a movie is selected, its price updates accordingly. When users click on an available seat (e.g., identified by data-testid=""seat-1-1""), the system toggles the seat's selection status. Selected seats are visually marked, and their indices are stored in localStorage. The seat count (data-testid=""selected-count"") and total price (data-testid=""total-price"") are dynamically updated based on the number of selected seats and the chosen movie's price. Seats marked as 'occupied' cannot be selected or included in the calculation. Users can deselect previously selected seats by clicking on them again, and the UI, along with localStorage, updates accordingly.",https://anonymous.4open.science/r/E2EDev/E2EDev_data/E2ESD_Bench_03/,"Feature: Seat Selection and Price Calculation
  The system should allow users to toggle the selection status of available seats, update the count of selected seats, calculate the total price, and store the indices of selected seats in local storage.


  Scenario: [Error] Attempt to select an occupied seat
    Given the movie seat booking page is loaded
    And the user selects ""O Brother ($8)"" from the movie dropdown with data-testid ""movie-select""
    And the user sees 0 seats selected and a total price of $0
    When the user clicks on an occupied seat with data-testid ""seat-2-4""
    Then the seat with data-testid ""seat-2-4"" should remain occupied and not be marked as selected
    And the user should see 0 seats selected and a total price of $0
    And local storage should not contain the index of the occupied seat
","from behave import given, when, then
from selenium import webdriver
from selenium.webdriver.common.by import By
from selenium.webdriver.support.ui import WebDriverWait
from selenium.webdriver.support import expected_conditions as EC
import time

file_path = ""index.html""

def is_seat_selected(element):
    return ""selected"" in element.get_attribute(""class"").split()

@given('the movie seat booking page is loaded')
def step_given_page_loaded(context):
    context.driver = webdriver.Chrome()
    context.driver.get(f""file://index.html"")
    time.sleep(1)

@given('the user selects ""O Brother ($8)"" from the movie dropdown with data-testid ""movie-select""')
def step_given_select_movie(context):
    movie_select = WebDriverWait(context.driver, 10).until(
        EC.element_to_be_clickable((By.CSS_SELECTOR, ""[data-testid='movie-select']""))
    )
    movie_select.click()
    time.sleep(1)
    option = context.driver.find_element(By.CSS_SELECTOR, ""[data-testid='movie-option-3']"")
    option.click()
    time.sleep(1)

@given('the user sees 0 seats selected and a total price of $0')
def step_given_initial_seat_selection(context):
    selected_count = context.driver.find_element(By.CSS_SELECTOR, ""[data-testid='selected-count']"")
    total_price = context.driver.find_element(By.CSS_SELECTOR, ""[data-testid='total-price']"")
    assert selected_count.text.strip() == ""0"", f""Expected 0 seats selected, but got {selected_count.text.strip()}""
    assert total_price.text.strip() == ""0"", f""Expected total price $0, but got {total_price.text.strip()}""

@when('the user clicks on an occupied seat with data-testid ""seat-2-4""')
def step_when_click_occupied_seat(context):
    occupied_seat = context.driver.find_element(By.CSS_SELECTOR, ""[data-testid='seat-2-4']"")
    occupied_seat.click()
    time.sleep(1)

@then('the seat with data-testid ""seat-2-4"" should remain occupied and not be marked as selected')
def step_then_seat_remains_occupied(context):
    occupied_seat = context.driver.find_element(By.CSS_SELECTOR, ""[data-testid='seat-2-4']"")
    assert not is_seat_selected(occupied_seat), ""Occupied seat should not be marked as selected""

@then('the user should see 0 seats selected and a total price of $0')
def step_then_verify_seat_selection(context):
    selected_count = context.driver.find_element(By.CSS_SELECTOR, ""[data-testid='selected-count']"")
    total_price = context.driver.find_element(By.CSS_SELECTOR, ""[data-testid='total-price']"")
    assert selected_count.text.strip() == ""0"", f""Expected 0 seats selected, but got {selected_count.text.strip()}""
    assert total_price.text.strip() == ""0"", f""Expected total price $0, but got {total_price.text.strip()}""

@then('local storage should not contain the index of the occupied seat')
def step_then_verify_local_storage(context):
    # This step requires JavaScript execution to check local storage
    selected_seats = context.driver.execute_script(""return localStorage.getItem('selectedSeats');"")
    assert selected_seats is not None, ""Local storage should have 'selectedSeats' key""
    assert ""11"" not in selected_seats, ""Occupied seat index should not be in local storage""

def after_scenario(context, scenario):
    context.driver.quit()"
E2ESD_Bench_03,2,4,"
    You are tasked with implementing a complete web application using HTML, JavaScript, and CSS. Your implementation must strictly follow the specifications described below.
    SUMMARY:
    {
    ""overview"": ""The Movie Seat Booking application allows users to select a movie and book seats in a theater. Users can choose from a list of movies, select available seats, and view the total cost of their selections. The application retains user selections using local storage to persist data across sessions."",
    ""predefined_options"": ""The application offers a set of predefined movie options, each associated with a specific ticket price and uniquely identifiable by its corresponding data-testid. The default selection is 'The Big Lebowski' priced at $10 (data-testid='movie-option-1'), followed by 'Fargo' at $12 (data-testid='movie-option-2'), 'O Brother' at $8 (data-testid='movie-option-3'), and 'No Country for Old Men' at $9 (data-testid='movie-option-4'). The theater seating is arranged in 6 rows, with each row containing 8 seats. Every seat is uniquely identifiable via a data-testid in the format seat-row-column. For example, seat-1-1 refers to the first seat in the first row, and seat-2-3 refers to the third seat in the second row. Initially, the following seats are marked as occupied: Row 2: Seat 4 (seat-2-4) and Seat 5 (seat-2-5); Row 3: Seat 7 (seat-3-7) and Seat 8 (seat-3-8); Row 5: Seat 4 (seat-5-4) and Seat 5 (seat-5-5); Row 6: Seat 5 (seat-6-5), Seat 6 (seat-6-6), and Seat 7 (seat-6-7). This configuration ensures that each seat and movie option can be distinctly identified and interacted with, facilitating robust and precise testing."",
    ""external_resources"": ""No external resources such as images or audio files are directly referenced in the provided code."",
    ""external_js_libraries"": ""No external JavaScript libraries are referenced in the provided code.""
}
    ## Functional Requirements
    Implement the following features as described. For each requirement, make sure the HTML structure, JavaScript behavior, and CSS styles match the specifications exactly.
    REQUIREMENTS:
    - Requirement 1: 
Upon loading the webpage, users can interact with the seat map and movie dropdown to dynamically update the total price. Clicking on any available seat (i.e., a seat without the occupied class) marks it as selected, and the selected seat count updates in the element with data-testid=""selected-count"". Users can also select a movie from the dropdown (data-testid=""movie-select""), where each option has a value representing the ticket price. The total price, shown in the element with data-testid=""total-price"", is calculated as the number of selected seats multiplied by the selected movie’s price. Seats marked as occupied must not be selectable and should not affect the count or price. Changing the selected movie at any time updates the total price accordingly.
- Requirement 2: 
Upon interacting with the movie seat booking interface, users can select a movie from a dropdown menu, with options like 'The Big Lebowski ($10)', 'Fargo ($12)', 'O Brother ($8)', and 'No Country for Old Men ($9)', each identified by a specific data-testid. Once a movie is selected, its price updates accordingly. When users click on an available seat (e.g., identified by data-testid=""seat-1-1""), the system toggles the seat's selection status. Selected seats are visually marked, and their indices are stored in localStorage. The seat count (data-testid=""selected-count"") and total price (data-testid=""total-price"") are dynamically updated based on the number of selected seats and the chosen movie's price. Seats marked as 'occupied' cannot be selected or included in the calculation. Users can deselect previously selected seats by clicking on them again, and the UI, along with localStorage, updates accordingly.
- Requirement 3: 
Upon loading the 'Movie Seat Booking' webpage, the system retrieves and applies previously selected seats and the movie selection from local storage. If local storage contains the keys 'selectedSeats' and 'selectedMovieIndex', the system will mark the seats corresponding to the indices in 'selectedSeats' with the 'selected' class. Additionally, the movie dropdown will be set to the option corresponding to 'selectedMovieIndex'. If local storage does not contain these values, no seats will be marked as 'selected', and the dropdown will default to the first movie option, 'The Big Lebowski ($10)'.
- Requirement 4: 
The system must dynamically display the number of selected seats and the total price as the user interacts with seat selections and movie choices. Specifically, when the user selects a movie from the dropdown menu with data-testid 'movie-select', the ticket price should be set according to the selected movie's value. As the user clicks on available seats (those without the 'occupied' class) within the seating area, the system should toggle the 'selected' class on the clicked seat. The count of selected seats, displayed with data-testid 'selected-count', should update to reflect the current number of seats with the 'selected' class. The total price, displayed with data-testid 'total-price', should be calculated as the product of the number of selected seats and the current ticket price. If a user deselects a seat by clicking on it again, the count and total price should decrease accordingly. If the user changes the movie selection after selecting seats, the total price should update based on the new ticket price while maintaining the count of selected seats. The system must prevent users from selecting seats marked as 'occupied'.
- Requirement 5: 
On the Movie Seat Booking page, users can distinguish between available, selected, and occupied seats through legends that indicate the status of each seat. Each status has its own corresponding legend (e.g., data-testid = 'seat-select') to help users understand the different seat states. Occupied seats are non-interactive and clearly marked to prevent selection. Available seats can be clicked to toggle their selection. When users select or deselect seats, the count of selected seats and the total price are updated accordingly.

    
    ## Output Format
    Provide a clean and complete implementation including:
    1. HTML structure (including necessary `data-testid`, `id`, and `class` values).
    2. JavaScript functionality that matches the behavior described.
    3. CSS for styling according to BEM and required class names.
    4. Ensure that the text content in the components is exactly as specified in the requirements.
    Do not include any extra components or libraries not listed above. Keep your code concise, semantic, and standards-compliant.
    ","{'overview': 'The Movie Seat Booking application allows users to select a movie and book seats in a theater. Users can choose from a list of movies, select available seats, and view the total cost of their selections. The application retains user selections using local storage to persist data across sessions.', 'predefined_options': ""The application offers a set of predefined movie options, each associated with a specific ticket price and uniquely identifiable by its corresponding data-testid. The default selection is 'The Big Lebowski' priced at $10 (data-testid='movie-option-1'), followed by 'Fargo' at $12 (data-testid='movie-option-2'), 'O Brother' at $8 (data-testid='movie-option-3'), and 'No Country for Old Men' at $9 (data-testid='movie-option-4'). The theater seating is arranged in 6 rows, with each row containing 8 seats. Every seat is uniquely identifiable via a data-testid in the format seat-row-column. For example, seat-1-1 refers to the first seat in the first row, and seat-2-3 refers to the third seat in the second row. Initially, the following seats are marked as occupied: Row 2: Seat 4 (seat-2-4) and Seat 5 (seat-2-5); Row 3: Seat 7 (seat-3-7) and Seat 8 (seat-3-8); Row 5: Seat 4 (seat-5-4) and Seat 5 (seat-5-5); Row 6: Seat 5 (seat-6-5), Seat 6 (seat-6-6), and Seat 7 (seat-6-7). This configuration ensures that each seat and movie option can be distinctly identified and interacted with, facilitating robust and precise testing."", 'external_resources': 'No external resources such as images or audio files are directly referenced in the provided code.', 'external_js_libraries': 'No external JavaScript libraries are referenced in the provided code.'}","Upon interacting with the movie seat booking interface, users can select a movie from a dropdown menu, with options like 'The Big Lebowski ($10)', 'Fargo ($12)', 'O Brother ($8)', and 'No Country for Old Men ($9)', each identified by a specific data-testid. Once a movie is selected, its price updates accordingly. When users click on an available seat (e.g., identified by data-testid=""seat-1-1""), the system toggles the seat's selection status. Selected seats are visually marked, and their indices are stored in localStorage. The seat count (data-testid=""selected-count"") and total price (data-testid=""total-price"") are dynamically updated based on the number of selected seats and the chosen movie's price. Seats marked as 'occupied' cannot be selected or included in the calculation. Users can deselect previously selected seats by clicking on them again, and the UI, along with localStorage, updates accordingly.",https://anonymous.4open.science/r/E2EDev/E2EDev_data/E2ESD_Bench_03/,"Feature: Seat Selection and Price Calculation
  The system should allow users to toggle the selection status of available seats, update the count of selected seats, calculate the total price, and store the indices of selected seats in local storage.


  Scenario: [Normal] Deselect a previously selected seat
    Given the movie seat booking page is loaded
    And the user selects ""No Country for Old Men ($9)"" from the movie dropdown with data-testid ""movie-select""
    And the user clicks on an available seat with data-testid ""seat-1-1""
    And the user sees 1 seat selected and a total price of $9
    When the user clicks again on the seat with data-testid ""seat-1-1""
    Then the seat with data-testid ""seat-1-1"" should be deselected
    And the user should see 0 seats selected and a total price of $0
    And local storage should not contain the index of the deselected seat","from behave import given, when, then
from selenium import webdriver
from selenium.webdriver.common.by import By
from selenium.webdriver.support.ui import WebDriverWait
from selenium.webdriver.support import expected_conditions as EC
import time

file_path = ""index.html""

@given('the movie seat booking page is loaded')
def step_given_page_loaded(context):
    context.driver = webdriver.Chrome()
    context.driver.get(f""file://index.html"")
    time.sleep(1)

@given('the user selects ""No Country for Old Men ($9)"" from the movie dropdown with data-testid ""movie-select""')
def step_given_select_movie(context):
    movie_select = WebDriverWait(context.driver, 10).until(
        EC.element_to_be_clickable((By.CSS_SELECTOR, ""[data-testid='movie-select']""))
    )
    movie_select.click()
    time.sleep(1)
    option = context.driver.find_element(By.CSS_SELECTOR, ""[data-testid='movie-option-4']"")
    option.click()
    time.sleep(1)

@given('the user clicks on an available seat with data-testid ""seat-1-1""')
def step_given_click_seat(context):
    seat = WebDriverWait(context.driver, 10).until(
        EC.element_to_be_clickable((By.CSS_SELECTOR, ""[data-testid='seat-1-1']""))
    )
    seat.click()
    time.sleep(1)

@given('the user sees 1 seat selected and a total price of $9')
def step_given_verify_selection(context):
    selected_count = context.driver.find_element(By.CSS_SELECTOR, ""[data-testid='selected-count']"")
    total_price = context.driver.find_element(By.CSS_SELECTOR, ""[data-testid='total-price']"")
    assert selected_count.text.strip() == ""1"", f""Expected 1 seat selected, but got {selected_count.text.strip()}""
    assert total_price.text.strip() == ""9"", f""Expected total price $9, but got {total_price.text.strip()}""

@when('the user clicks again on the seat with data-testid ""seat-1-1""')
def step_when_click_again(context):
    seat = WebDriverWait(context.driver, 10).until(
        EC.element_to_be_clickable((By.CSS_SELECTOR, ""[data-testid='seat-1-1']""))
    )
    seat.click()
    time.sleep(1)

@then('the seat with data-testid ""seat-1-1"" should be deselected')
def step_then_verify_deselection(context):
    seat = context.driver.find_element(By.CSS_SELECTOR, ""[data-testid='seat-1-1']"")
    assert ""selected"" not in seat.get_attribute(""class""), ""Seat should be deselected""

@then('the user should see 0 seats selected and a total price of $0')
def step_then_verify_no_selection(context):
    selected_count = context.driver.find_element(By.CSS_SELECTOR, ""[data-testid='selected-count']"")
    total_price = context.driver.find_element(By.CSS_SELECTOR, ""[data-testid='total-price']"")
    assert selected_count.text.strip() == ""0"", f""Expected 0 seats selected, but got {selected_count.text.strip()}""
    assert total_price.text.strip() == ""0"", f""Expected total price $0, but got {total_price.text.strip()}""

@then('local storage should not contain the index of the deselected seat')
def step_then_verify_local_storage(context):
    seat_index = context.driver.execute_script(""return localStorage.getItem('selectedSeats');"")
    assert seat_index is None or ""0"" not in seat_index, ""Local storage should not contain the index of the deselected seat""

def after_scenario(context, scenario):
    context.driver.quit()"
E2ESD_Bench_03,3,1,"
    You are tasked with implementing a complete web application using HTML, JavaScript, and CSS. Your implementation must strictly follow the specifications described below.
    SUMMARY:
    {
    ""overview"": ""The Movie Seat Booking application allows users to select a movie and book seats in a theater. Users can choose from a list of movies, select available seats, and view the total cost of their selections. The application retains user selections using local storage to persist data across sessions."",
    ""predefined_options"": ""The application offers a set of predefined movie options, each associated with a specific ticket price and uniquely identifiable by its corresponding data-testid. The default selection is 'The Big Lebowski' priced at $10 (data-testid='movie-option-1'), followed by 'Fargo' at $12 (data-testid='movie-option-2'), 'O Brother' at $8 (data-testid='movie-option-3'), and 'No Country for Old Men' at $9 (data-testid='movie-option-4'). The theater seating is arranged in 6 rows, with each row containing 8 seats. Every seat is uniquely identifiable via a data-testid in the format seat-row-column. For example, seat-1-1 refers to the first seat in the first row, and seat-2-3 refers to the third seat in the second row. Initially, the following seats are marked as occupied: Row 2: Seat 4 (seat-2-4) and Seat 5 (seat-2-5); Row 3: Seat 7 (seat-3-7) and Seat 8 (seat-3-8); Row 5: Seat 4 (seat-5-4) and Seat 5 (seat-5-5); Row 6: Seat 5 (seat-6-5), Seat 6 (seat-6-6), and Seat 7 (seat-6-7). This configuration ensures that each seat and movie option can be distinctly identified and interacted with, facilitating robust and precise testing."",
    ""external_resources"": ""No external resources such as images or audio files are directly referenced in the provided code."",
    ""external_js_libraries"": ""No external JavaScript libraries are referenced in the provided code.""
}
    ## Functional Requirements
    Implement the following features as described. For each requirement, make sure the HTML structure, JavaScript behavior, and CSS styles match the specifications exactly.
    REQUIREMENTS:
    - Requirement 1: 
Upon loading the webpage, users can interact with the seat map and movie dropdown to dynamically update the total price. Clicking on any available seat (i.e., a seat without the occupied class) marks it as selected, and the selected seat count updates in the element with data-testid=""selected-count"". Users can also select a movie from the dropdown (data-testid=""movie-select""), where each option has a value representing the ticket price. The total price, shown in the element with data-testid=""total-price"", is calculated as the number of selected seats multiplied by the selected movie’s price. Seats marked as occupied must not be selectable and should not affect the count or price. Changing the selected movie at any time updates the total price accordingly.
- Requirement 2: 
Upon interacting with the movie seat booking interface, users can select a movie from a dropdown menu, with options like 'The Big Lebowski ($10)', 'Fargo ($12)', 'O Brother ($8)', and 'No Country for Old Men ($9)', each identified by a specific data-testid. Once a movie is selected, its price updates accordingly. When users click on an available seat (e.g., identified by data-testid=""seat-1-1""), the system toggles the seat's selection status. Selected seats are visually marked, and their indices are stored in localStorage. The seat count (data-testid=""selected-count"") and total price (data-testid=""total-price"") are dynamically updated based on the number of selected seats and the chosen movie's price. Seats marked as 'occupied' cannot be selected or included in the calculation. Users can deselect previously selected seats by clicking on them again, and the UI, along with localStorage, updates accordingly.
- Requirement 3: 
Upon loading the 'Movie Seat Booking' webpage, the system retrieves and applies previously selected seats and the movie selection from local storage. If local storage contains the keys 'selectedSeats' and 'selectedMovieIndex', the system will mark the seats corresponding to the indices in 'selectedSeats' with the 'selected' class. Additionally, the movie dropdown will be set to the option corresponding to 'selectedMovieIndex'. If local storage does not contain these values, no seats will be marked as 'selected', and the dropdown will default to the first movie option, 'The Big Lebowski ($10)'.
- Requirement 4: 
The system must dynamically display the number of selected seats and the total price as the user interacts with seat selections and movie choices. Specifically, when the user selects a movie from the dropdown menu with data-testid 'movie-select', the ticket price should be set according to the selected movie's value. As the user clicks on available seats (those without the 'occupied' class) within the seating area, the system should toggle the 'selected' class on the clicked seat. The count of selected seats, displayed with data-testid 'selected-count', should update to reflect the current number of seats with the 'selected' class. The total price, displayed with data-testid 'total-price', should be calculated as the product of the number of selected seats and the current ticket price. If a user deselects a seat by clicking on it again, the count and total price should decrease accordingly. If the user changes the movie selection after selecting seats, the total price should update based on the new ticket price while maintaining the count of selected seats. The system must prevent users from selecting seats marked as 'occupied'.
- Requirement 5: 
On the Movie Seat Booking page, users can distinguish between available, selected, and occupied seats through legends that indicate the status of each seat. Each status has its own corresponding legend (e.g., data-testid = 'seat-select') to help users understand the different seat states. Occupied seats are non-interactive and clearly marked to prevent selection. Available seats can be clicked to toggle their selection. When users select or deselect seats, the count of selected seats and the total price are updated accordingly.

    
    ## Output Format
    Provide a clean and complete implementation including:
    1. HTML structure (including necessary `data-testid`, `id`, and `class` values).
    2. JavaScript functionality that matches the behavior described.
    3. CSS for styling according to BEM and required class names.
    4. Ensure that the text content in the components is exactly as specified in the requirements.
    Do not include any extra components or libraries not listed above. Keep your code concise, semantic, and standards-compliant.
    ","{'overview': 'The Movie Seat Booking application allows users to select a movie and book seats in a theater. Users can choose from a list of movies, select available seats, and view the total cost of their selections. The application retains user selections using local storage to persist data across sessions.', 'predefined_options': ""The application offers a set of predefined movie options, each associated with a specific ticket price and uniquely identifiable by its corresponding data-testid. The default selection is 'The Big Lebowski' priced at $10 (data-testid='movie-option-1'), followed by 'Fargo' at $12 (data-testid='movie-option-2'), 'O Brother' at $8 (data-testid='movie-option-3'), and 'No Country for Old Men' at $9 (data-testid='movie-option-4'). The theater seating is arranged in 6 rows, with each row containing 8 seats. Every seat is uniquely identifiable via a data-testid in the format seat-row-column. For example, seat-1-1 refers to the first seat in the first row, and seat-2-3 refers to the third seat in the second row. Initially, the following seats are marked as occupied: Row 2: Seat 4 (seat-2-4) and Seat 5 (seat-2-5); Row 3: Seat 7 (seat-3-7) and Seat 8 (seat-3-8); Row 5: Seat 4 (seat-5-4) and Seat 5 (seat-5-5); Row 6: Seat 5 (seat-6-5), Seat 6 (seat-6-6), and Seat 7 (seat-6-7). This configuration ensures that each seat and movie option can be distinctly identified and interacted with, facilitating robust and precise testing."", 'external_resources': 'No external resources such as images or audio files are directly referenced in the provided code.', 'external_js_libraries': 'No external JavaScript libraries are referenced in the provided code.'}","Upon loading the 'Movie Seat Booking' webpage, the system retrieves and applies previously selected seats and the movie selection from local storage. If local storage contains the keys 'selectedSeats' and 'selectedMovieIndex', the system will mark the seats corresponding to the indices in 'selectedSeats' with the 'selected' class. Additionally, the movie dropdown will be set to the option corresponding to 'selectedMovieIndex'. If local storage does not contain these values, no seats will be marked as 'selected', and the dropdown will default to the first movie option, 'The Big Lebowski ($10)'.",https://anonymous.4open.science/r/E2EDev/E2EDev_data/E2ESD_Bench_03/,"Feature: REQ-003 - Retrieve and apply previously selected seats and movie selection from local storage

  Background:
    Given the webpage ""Movie Seat Booking"" is loaded


  Scenario: [Normal] Retrieve and apply previously selected seats and movie selection
    Given local storage contains ""selectedSeats"" with value ""[3, 5, 7]"" and ""selectedMovieIndex"" with value ""1""
    When the page loads
    Then the seats with data-testid ""seat-1-4"", ""seat-1-6"", and ""seat-1-8"" should have the class ""selected""
    And the movie with data-testid ""movie-option-2"" should be selected in the dropdown
","from behave import given, when, then
from selenium import webdriver
from selenium.webdriver.common.by import By
from selenium.webdriver.support.ui import WebDriverWait
from selenium.webdriver.support import expected_conditions as EC
import time
import http.server
import socketserver
import threading

PORT = 8000
DIRECTORY = ""E2ESD_Bench_03""

def start_server():
    handler = http.server.SimpleHTTPRequestHandler
    handler.directory = DIRECTORY
    with socketserver.TCPServer(("""", PORT), handler) as httpd:
        httpd.serve_forever()

server_thread = threading.Thread(target=start_server)
server_thread.daemon = True
server_thread.start()

@given('the webpage ""Movie Seat Booking"" is loaded')
def step_given_webpage_loaded(context):
    context.driver = webdriver.Chrome()
    context.driver.get(f""http://localhost:{PORT}/index.html"")
    time.sleep(1)

@given('local storage contains ""selectedSeats"" with value ""[3, 5, 7]"" and ""selectedMovieIndex"" with value ""1""')
def step_given_local_storage(context):
    context.driver.execute_script('localStorage.setItem(""selectedSeats"", ""[3, 5, 7]"");')
    context.driver.execute_script('localStorage.setItem(""selectedMovieIndex"", ""1"");')
    time.sleep(1)
    context.driver.refresh()

@when('the page loads')
def step_when_page_loads(context):
    # This step is implicitly handled by the background step
    pass

@then('the seats with data-testid ""seat-1-4"", ""seat-1-6"", and ""seat-1-8"" should have the class ""selected""')
def step_then_seats_selected(context):
    seat_ids = [""seat-1-4"", ""seat-1-6"", ""seat-1-8""]
    for seat_id in seat_ids:
        seat_element = WebDriverWait(context.driver, 10).until(
            EC.presence_of_element_located((By.CSS_SELECTOR, f""[data-testid='{seat_id}']""))
        )
        assert ""selected"" in seat_element.get_attribute(""class""), f""Seat {seat_id} is not selected""
    time.sleep(1)

@then('the movie with data-testid ""movie-option-2"" should be selected in the dropdown')
def step_then_movie_selected(context):
    movie_select = WebDriverWait(context.driver, 10).until(
        EC.presence_of_element_located((By.CSS_SELECTOR, ""[data-testid='movie-select']""))
    )
    selected_option = movie_select.find_element(By.CSS_SELECTOR, ""[data-testid='movie-option-2']"")
    assert selected_option.is_selected(), ""Movie option 2 is not selected""
    time.sleep(1)

def after_scenario(context, scenario):
    context.driver.quit()"
E2ESD_Bench_03,3,2,"
    You are tasked with implementing a complete web application using HTML, JavaScript, and CSS. Your implementation must strictly follow the specifications described below.
    SUMMARY:
    {
    ""overview"": ""The Movie Seat Booking application allows users to select a movie and book seats in a theater. Users can choose from a list of movies, select available seats, and view the total cost of their selections. The application retains user selections using local storage to persist data across sessions."",
    ""predefined_options"": ""The application offers a set of predefined movie options, each associated with a specific ticket price and uniquely identifiable by its corresponding data-testid. The default selection is 'The Big Lebowski' priced at $10 (data-testid='movie-option-1'), followed by 'Fargo' at $12 (data-testid='movie-option-2'), 'O Brother' at $8 (data-testid='movie-option-3'), and 'No Country for Old Men' at $9 (data-testid='movie-option-4'). The theater seating is arranged in 6 rows, with each row containing 8 seats. Every seat is uniquely identifiable via a data-testid in the format seat-row-column. For example, seat-1-1 refers to the first seat in the first row, and seat-2-3 refers to the third seat in the second row. Initially, the following seats are marked as occupied: Row 2: Seat 4 (seat-2-4) and Seat 5 (seat-2-5); Row 3: Seat 7 (seat-3-7) and Seat 8 (seat-3-8); Row 5: Seat 4 (seat-5-4) and Seat 5 (seat-5-5); Row 6: Seat 5 (seat-6-5), Seat 6 (seat-6-6), and Seat 7 (seat-6-7). This configuration ensures that each seat and movie option can be distinctly identified and interacted with, facilitating robust and precise testing."",
    ""external_resources"": ""No external resources such as images or audio files are directly referenced in the provided code."",
    ""external_js_libraries"": ""No external JavaScript libraries are referenced in the provided code.""
}
    ## Functional Requirements
    Implement the following features as described. For each requirement, make sure the HTML structure, JavaScript behavior, and CSS styles match the specifications exactly.
    REQUIREMENTS:
    - Requirement 1: 
Upon loading the webpage, users can interact with the seat map and movie dropdown to dynamically update the total price. Clicking on any available seat (i.e., a seat without the occupied class) marks it as selected, and the selected seat count updates in the element with data-testid=""selected-count"". Users can also select a movie from the dropdown (data-testid=""movie-select""), where each option has a value representing the ticket price. The total price, shown in the element with data-testid=""total-price"", is calculated as the number of selected seats multiplied by the selected movie’s price. Seats marked as occupied must not be selectable and should not affect the count or price. Changing the selected movie at any time updates the total price accordingly.
- Requirement 2: 
Upon interacting with the movie seat booking interface, users can select a movie from a dropdown menu, with options like 'The Big Lebowski ($10)', 'Fargo ($12)', 'O Brother ($8)', and 'No Country for Old Men ($9)', each identified by a specific data-testid. Once a movie is selected, its price updates accordingly. When users click on an available seat (e.g., identified by data-testid=""seat-1-1""), the system toggles the seat's selection status. Selected seats are visually marked, and their indices are stored in localStorage. The seat count (data-testid=""selected-count"") and total price (data-testid=""total-price"") are dynamically updated based on the number of selected seats and the chosen movie's price. Seats marked as 'occupied' cannot be selected or included in the calculation. Users can deselect previously selected seats by clicking on them again, and the UI, along with localStorage, updates accordingly.
- Requirement 3: 
Upon loading the 'Movie Seat Booking' webpage, the system retrieves and applies previously selected seats and the movie selection from local storage. If local storage contains the keys 'selectedSeats' and 'selectedMovieIndex', the system will mark the seats corresponding to the indices in 'selectedSeats' with the 'selected' class. Additionally, the movie dropdown will be set to the option corresponding to 'selectedMovieIndex'. If local storage does not contain these values, no seats will be marked as 'selected', and the dropdown will default to the first movie option, 'The Big Lebowski ($10)'.
- Requirement 4: 
The system must dynamically display the number of selected seats and the total price as the user interacts with seat selections and movie choices. Specifically, when the user selects a movie from the dropdown menu with data-testid 'movie-select', the ticket price should be set according to the selected movie's value. As the user clicks on available seats (those without the 'occupied' class) within the seating area, the system should toggle the 'selected' class on the clicked seat. The count of selected seats, displayed with data-testid 'selected-count', should update to reflect the current number of seats with the 'selected' class. The total price, displayed with data-testid 'total-price', should be calculated as the product of the number of selected seats and the current ticket price. If a user deselects a seat by clicking on it again, the count and total price should decrease accordingly. If the user changes the movie selection after selecting seats, the total price should update based on the new ticket price while maintaining the count of selected seats. The system must prevent users from selecting seats marked as 'occupied'.
- Requirement 5: 
On the Movie Seat Booking page, users can distinguish between available, selected, and occupied seats through legends that indicate the status of each seat. Each status has its own corresponding legend (e.g., data-testid = 'seat-select') to help users understand the different seat states. Occupied seats are non-interactive and clearly marked to prevent selection. Available seats can be clicked to toggle their selection. When users select or deselect seats, the count of selected seats and the total price are updated accordingly.

    
    ## Output Format
    Provide a clean and complete implementation including:
    1. HTML structure (including necessary `data-testid`, `id`, and `class` values).
    2. JavaScript functionality that matches the behavior described.
    3. CSS for styling according to BEM and required class names.
    4. Ensure that the text content in the components is exactly as specified in the requirements.
    Do not include any extra components or libraries not listed above. Keep your code concise, semantic, and standards-compliant.
    ","{'overview': 'The Movie Seat Booking application allows users to select a movie and book seats in a theater. Users can choose from a list of movies, select available seats, and view the total cost of their selections. The application retains user selections using local storage to persist data across sessions.', 'predefined_options': ""The application offers a set of predefined movie options, each associated with a specific ticket price and uniquely identifiable by its corresponding data-testid. The default selection is 'The Big Lebowski' priced at $10 (data-testid='movie-option-1'), followed by 'Fargo' at $12 (data-testid='movie-option-2'), 'O Brother' at $8 (data-testid='movie-option-3'), and 'No Country for Old Men' at $9 (data-testid='movie-option-4'). The theater seating is arranged in 6 rows, with each row containing 8 seats. Every seat is uniquely identifiable via a data-testid in the format seat-row-column. For example, seat-1-1 refers to the first seat in the first row, and seat-2-3 refers to the third seat in the second row. Initially, the following seats are marked as occupied: Row 2: Seat 4 (seat-2-4) and Seat 5 (seat-2-5); Row 3: Seat 7 (seat-3-7) and Seat 8 (seat-3-8); Row 5: Seat 4 (seat-5-4) and Seat 5 (seat-5-5); Row 6: Seat 5 (seat-6-5), Seat 6 (seat-6-6), and Seat 7 (seat-6-7). This configuration ensures that each seat and movie option can be distinctly identified and interacted with, facilitating robust and precise testing."", 'external_resources': 'No external resources such as images or audio files are directly referenced in the provided code.', 'external_js_libraries': 'No external JavaScript libraries are referenced in the provided code.'}","Upon loading the 'Movie Seat Booking' webpage, the system retrieves and applies previously selected seats and the movie selection from local storage. If local storage contains the keys 'selectedSeats' and 'selectedMovieIndex', the system will mark the seats corresponding to the indices in 'selectedSeats' with the 'selected' class. Additionally, the movie dropdown will be set to the option corresponding to 'selectedMovieIndex'. If local storage does not contain these values, no seats will be marked as 'selected', and the dropdown will default to the first movie option, 'The Big Lebowski ($10)'.",https://anonymous.4open.science/r/E2EDev/E2EDev_data/E2ESD_Bench_03/,"Feature: REQ-003 - Retrieve and apply previously selected seats and movie selection from local storage

  Background:
    Given the webpage ""Movie Seat Booking"" is loaded


  Scenario: [Edge] No previously selected seats or movie selection in local storage
    Given local storage does not contain ""selectedSeats"" or ""selectedMovieIndex""
    When the page loads
    Then no seats should have the class ""selected""
    And the first movie option with data-testid ""movie-option-1"" should be selected in the dropdown
","from behave import given, when, then
from selenium import webdriver
from selenium.webdriver.common.by import By
from selenium.webdriver.support.ui import WebDriverWait
from selenium.webdriver.support import expected_conditions as EC
import time

file_path = ""index.html""

def is_selected(element):
    return ""selected"" in element.get_attribute(""class"").split()

@given('the webpage ""Movie Seat Booking"" is loaded')
def step_given_webpage_loaded(context):
    context.driver = webdriver.Chrome()
    context.driver.get(f""file://index.html"")
    time.sleep(1)

@given('local storage does not contain ""selectedSeats"" or ""selectedMovieIndex""')
def step_given_local_storage_empty(context):
    context.driver.execute_script(""localStorage.removeItem('selectedSeats');"")
    context.driver.execute_script(""localStorage.removeItem('selectedMovieIndex');"")
    time.sleep(1)

@when('the page loads')
def step_when_page_loads(context):
    # This step is implicitly covered by the page load in the background
    pass

@then('no seats should have the class ""selected""')
def step_then_no_seats_selected(context):
    seats = context.driver.find_elements(By.CSS_SELECTOR, "".row .seat"")
    for seat in seats:
        assert not is_selected(seat), ""Expected no seat to be selected""
    time.sleep(1)

@then('the first movie option with data-testid ""movie-option-1"" should be selected in the dropdown')
def step_then_first_movie_selected(context):
    movie_select = WebDriverWait(context.driver, 10).until(
        EC.presence_of_element_located((By.CSS_SELECTOR, ""[data-testid='movie-select']""))
    )
    selected_option = movie_select.find_element(By.CSS_SELECTOR, ""[data-testid='movie-option-1']"")
    assert selected_option.is_selected(), ""Expected the first movie option to be selected""
    time.sleep(1)

def after_scenario(context, scenario):
    context.driver.quit()"
E2ESD_Bench_03,4,1,"
    You are tasked with implementing a complete web application using HTML, JavaScript, and CSS. Your implementation must strictly follow the specifications described below.
    SUMMARY:
    {
    ""overview"": ""The Movie Seat Booking application allows users to select a movie and book seats in a theater. Users can choose from a list of movies, select available seats, and view the total cost of their selections. The application retains user selections using local storage to persist data across sessions."",
    ""predefined_options"": ""The application offers a set of predefined movie options, each associated with a specific ticket price and uniquely identifiable by its corresponding data-testid. The default selection is 'The Big Lebowski' priced at $10 (data-testid='movie-option-1'), followed by 'Fargo' at $12 (data-testid='movie-option-2'), 'O Brother' at $8 (data-testid='movie-option-3'), and 'No Country for Old Men' at $9 (data-testid='movie-option-4'). The theater seating is arranged in 6 rows, with each row containing 8 seats. Every seat is uniquely identifiable via a data-testid in the format seat-row-column. For example, seat-1-1 refers to the first seat in the first row, and seat-2-3 refers to the third seat in the second row. Initially, the following seats are marked as occupied: Row 2: Seat 4 (seat-2-4) and Seat 5 (seat-2-5); Row 3: Seat 7 (seat-3-7) and Seat 8 (seat-3-8); Row 5: Seat 4 (seat-5-4) and Seat 5 (seat-5-5); Row 6: Seat 5 (seat-6-5), Seat 6 (seat-6-6), and Seat 7 (seat-6-7). This configuration ensures that each seat and movie option can be distinctly identified and interacted with, facilitating robust and precise testing."",
    ""external_resources"": ""No external resources such as images or audio files are directly referenced in the provided code."",
    ""external_js_libraries"": ""No external JavaScript libraries are referenced in the provided code.""
}
    ## Functional Requirements
    Implement the following features as described. For each requirement, make sure the HTML structure, JavaScript behavior, and CSS styles match the specifications exactly.
    REQUIREMENTS:
    - Requirement 1: 
Upon loading the webpage, users can interact with the seat map and movie dropdown to dynamically update the total price. Clicking on any available seat (i.e., a seat without the occupied class) marks it as selected, and the selected seat count updates in the element with data-testid=""selected-count"". Users can also select a movie from the dropdown (data-testid=""movie-select""), where each option has a value representing the ticket price. The total price, shown in the element with data-testid=""total-price"", is calculated as the number of selected seats multiplied by the selected movie’s price. Seats marked as occupied must not be selectable and should not affect the count or price. Changing the selected movie at any time updates the total price accordingly.
- Requirement 2: 
Upon interacting with the movie seat booking interface, users can select a movie from a dropdown menu, with options like 'The Big Lebowski ($10)', 'Fargo ($12)', 'O Brother ($8)', and 'No Country for Old Men ($9)', each identified by a specific data-testid. Once a movie is selected, its price updates accordingly. When users click on an available seat (e.g., identified by data-testid=""seat-1-1""), the system toggles the seat's selection status. Selected seats are visually marked, and their indices are stored in localStorage. The seat count (data-testid=""selected-count"") and total price (data-testid=""total-price"") are dynamically updated based on the number of selected seats and the chosen movie's price. Seats marked as 'occupied' cannot be selected or included in the calculation. Users can deselect previously selected seats by clicking on them again, and the UI, along with localStorage, updates accordingly.
- Requirement 3: 
Upon loading the 'Movie Seat Booking' webpage, the system retrieves and applies previously selected seats and the movie selection from local storage. If local storage contains the keys 'selectedSeats' and 'selectedMovieIndex', the system will mark the seats corresponding to the indices in 'selectedSeats' with the 'selected' class. Additionally, the movie dropdown will be set to the option corresponding to 'selectedMovieIndex'. If local storage does not contain these values, no seats will be marked as 'selected', and the dropdown will default to the first movie option, 'The Big Lebowski ($10)'.
- Requirement 4: 
The system must dynamically display the number of selected seats and the total price as the user interacts with seat selections and movie choices. Specifically, when the user selects a movie from the dropdown menu with data-testid 'movie-select', the ticket price should be set according to the selected movie's value. As the user clicks on available seats (those without the 'occupied' class) within the seating area, the system should toggle the 'selected' class on the clicked seat. The count of selected seats, displayed with data-testid 'selected-count', should update to reflect the current number of seats with the 'selected' class. The total price, displayed with data-testid 'total-price', should be calculated as the product of the number of selected seats and the current ticket price. If a user deselects a seat by clicking on it again, the count and total price should decrease accordingly. If the user changes the movie selection after selecting seats, the total price should update based on the new ticket price while maintaining the count of selected seats. The system must prevent users from selecting seats marked as 'occupied'.
- Requirement 5: 
On the Movie Seat Booking page, users can distinguish between available, selected, and occupied seats through legends that indicate the status of each seat. Each status has its own corresponding legend (e.g., data-testid = 'seat-select') to help users understand the different seat states. Occupied seats are non-interactive and clearly marked to prevent selection. Available seats can be clicked to toggle their selection. When users select or deselect seats, the count of selected seats and the total price are updated accordingly.

    
    ## Output Format
    Provide a clean and complete implementation including:
    1. HTML structure (including necessary `data-testid`, `id`, and `class` values).
    2. JavaScript functionality that matches the behavior described.
    3. CSS for styling according to BEM and required class names.
    4. Ensure that the text content in the components is exactly as specified in the requirements.
    Do not include any extra components or libraries not listed above. Keep your code concise, semantic, and standards-compliant.
    ","{'overview': 'The Movie Seat Booking application allows users to select a movie and book seats in a theater. Users can choose from a list of movies, select available seats, and view the total cost of their selections. The application retains user selections using local storage to persist data across sessions.', 'predefined_options': ""The application offers a set of predefined movie options, each associated with a specific ticket price and uniquely identifiable by its corresponding data-testid. The default selection is 'The Big Lebowski' priced at $10 (data-testid='movie-option-1'), followed by 'Fargo' at $12 (data-testid='movie-option-2'), 'O Brother' at $8 (data-testid='movie-option-3'), and 'No Country for Old Men' at $9 (data-testid='movie-option-4'). The theater seating is arranged in 6 rows, with each row containing 8 seats. Every seat is uniquely identifiable via a data-testid in the format seat-row-column. For example, seat-1-1 refers to the first seat in the first row, and seat-2-3 refers to the third seat in the second row. Initially, the following seats are marked as occupied: Row 2: Seat 4 (seat-2-4) and Seat 5 (seat-2-5); Row 3: Seat 7 (seat-3-7) and Seat 8 (seat-3-8); Row 5: Seat 4 (seat-5-4) and Seat 5 (seat-5-5); Row 6: Seat 5 (seat-6-5), Seat 6 (seat-6-6), and Seat 7 (seat-6-7). This configuration ensures that each seat and movie option can be distinctly identified and interacted with, facilitating robust and precise testing."", 'external_resources': 'No external resources such as images or audio files are directly referenced in the provided code.', 'external_js_libraries': 'No external JavaScript libraries are referenced in the provided code.'}","The system must dynamically display the number of selected seats and the total price as the user interacts with seat selections and movie choices. Specifically, when the user selects a movie from the dropdown menu with data-testid 'movie-select', the ticket price should be set according to the selected movie's value. As the user clicks on available seats (those without the 'occupied' class) within the seating area, the system should toggle the 'selected' class on the clicked seat. The count of selected seats, displayed with data-testid 'selected-count', should update to reflect the current number of seats with the 'selected' class. The total price, displayed with data-testid 'total-price', should be calculated as the product of the number of selected seats and the current ticket price. If a user deselects a seat by clicking on it again, the count and total price should decrease accordingly. If the user changes the movie selection after selecting seats, the total price should update based on the new ticket price while maintaining the count of selected seats. The system must prevent users from selecting seats marked as 'occupied'.",https://anonymous.4open.science/r/E2EDev/E2EDev_data/E2ESD_Bench_03/,"Feature: Dynamic Seat Selection and Pricing Display
  The system displays the number of selected seats and the total price dynamically as the user interacts with seat selections and movie choices.


  Scenario: [Normal] User selects seats and sees updated count and total price
    Given the movie seat booking page is loaded
    And the user selects ""The Big Lebowski ($10)"" from the movie dropdown with data-testid ""movie-select""
    When the user clicks on the seat with data-testid ""seat-1-1""
    And the user clicks on the seat with data-testid ""seat-1-2""
    Then the selected seat count displayed with data-testid ""selected-count"" should be ""2""
    And the total price displayed with data-testid ""total-price"" should be ""$20""
","from behave import given, when, then
from selenium import webdriver
from selenium.webdriver.common.by import By
from selenium.webdriver.support.ui import WebDriverWait
from selenium.webdriver.support import expected_conditions as EC
import time

file_path = ""index.html""

@given('the movie seat booking page is loaded')
def step_given_movie_seat_booking_page_loaded(context):
    context.driver = webdriver.Chrome()
    context.driver.get(f""file://index.html"")
    time.sleep(1)

@given('the user selects ""The Big Lebowski ($10)"" from the movie dropdown with data-testid ""movie-select""')
def step_given_user_selects_movie(context):
    movie_select = WebDriverWait(context.driver, 10).until(
        EC.element_to_be_clickable((By.CSS_SELECTOR, ""[data-testid='movie-select']""))
    )
    movie_select.click()
    time.sleep(1)
    movie_option = context.driver.find_element(By.CSS_SELECTOR, ""[data-testid='movie-option-1']"")
    movie_option.click()
    time.sleep(1)

@when('the user clicks on the seat with data-testid ""seat-1-1""')
def step_when_user_clicks_seat_1_1(context):
    seat_1_1 = WebDriverWait(context.driver, 10).until(
        EC.element_to_be_clickable((By.CSS_SELECTOR, ""[data-testid='seat-1-1']""))
    )
    seat_1_1.click()
    time.sleep(1)

@when('the user clicks on the seat with data-testid ""seat-1-2""')
def step_when_user_clicks_seat_1_2(context):
    seat_1_2 = WebDriverWait(context.driver, 10).until(
        EC.element_to_be_clickable((By.CSS_SELECTOR, ""[data-testid='seat-1-2']""))
    )
    seat_1_2.click()
    time.sleep(1)

@then('the selected seat count displayed with data-testid ""selected-count"" should be ""2""')
def step_then_selected_seat_count_should_be_2(context):
    selected_count = WebDriverWait(context.driver, 10).until(
        EC.visibility_of_element_located((By.CSS_SELECTOR, ""[data-testid='selected-count']""))
    )
    assert selected_count.text.strip() == ""2"", f""Expected '2', but got '{selected_count.text.strip()}'""

@then('the total price displayed with data-testid ""total-price"" should be ""$20""')
def step_then_total_price_should_be_20(context):
    total_price = WebDriverWait(context.driver, 10).until(
        EC.visibility_of_element_located((By.CSS_SELECTOR, ""[data-testid='total-price']""))
    )
    assert total_price.text.strip() == ""20"", f""Expected '20', but got '{total_price.text.strip()}'""

def after_scenario(context, scenario):
    context.driver.quit()"
E2ESD_Bench_03,4,2,"
    You are tasked with implementing a complete web application using HTML, JavaScript, and CSS. Your implementation must strictly follow the specifications described below.
    SUMMARY:
    {
    ""overview"": ""The Movie Seat Booking application allows users to select a movie and book seats in a theater. Users can choose from a list of movies, select available seats, and view the total cost of their selections. The application retains user selections using local storage to persist data across sessions."",
    ""predefined_options"": ""The application offers a set of predefined movie options, each associated with a specific ticket price and uniquely identifiable by its corresponding data-testid. The default selection is 'The Big Lebowski' priced at $10 (data-testid='movie-option-1'), followed by 'Fargo' at $12 (data-testid='movie-option-2'), 'O Brother' at $8 (data-testid='movie-option-3'), and 'No Country for Old Men' at $9 (data-testid='movie-option-4'). The theater seating is arranged in 6 rows, with each row containing 8 seats. Every seat is uniquely identifiable via a data-testid in the format seat-row-column. For example, seat-1-1 refers to the first seat in the first row, and seat-2-3 refers to the third seat in the second row. Initially, the following seats are marked as occupied: Row 2: Seat 4 (seat-2-4) and Seat 5 (seat-2-5); Row 3: Seat 7 (seat-3-7) and Seat 8 (seat-3-8); Row 5: Seat 4 (seat-5-4) and Seat 5 (seat-5-5); Row 6: Seat 5 (seat-6-5), Seat 6 (seat-6-6), and Seat 7 (seat-6-7). This configuration ensures that each seat and movie option can be distinctly identified and interacted with, facilitating robust and precise testing."",
    ""external_resources"": ""No external resources such as images or audio files are directly referenced in the provided code."",
    ""external_js_libraries"": ""No external JavaScript libraries are referenced in the provided code.""
}
    ## Functional Requirements
    Implement the following features as described. For each requirement, make sure the HTML structure, JavaScript behavior, and CSS styles match the specifications exactly.
    REQUIREMENTS:
    - Requirement 1: 
Upon loading the webpage, users can interact with the seat map and movie dropdown to dynamically update the total price. Clicking on any available seat (i.e., a seat without the occupied class) marks it as selected, and the selected seat count updates in the element with data-testid=""selected-count"". Users can also select a movie from the dropdown (data-testid=""movie-select""), where each option has a value representing the ticket price. The total price, shown in the element with data-testid=""total-price"", is calculated as the number of selected seats multiplied by the selected movie’s price. Seats marked as occupied must not be selectable and should not affect the count or price. Changing the selected movie at any time updates the total price accordingly.
- Requirement 2: 
Upon interacting with the movie seat booking interface, users can select a movie from a dropdown menu, with options like 'The Big Lebowski ($10)', 'Fargo ($12)', 'O Brother ($8)', and 'No Country for Old Men ($9)', each identified by a specific data-testid. Once a movie is selected, its price updates accordingly. When users click on an available seat (e.g., identified by data-testid=""seat-1-1""), the system toggles the seat's selection status. Selected seats are visually marked, and their indices are stored in localStorage. The seat count (data-testid=""selected-count"") and total price (data-testid=""total-price"") are dynamically updated based on the number of selected seats and the chosen movie's price. Seats marked as 'occupied' cannot be selected or included in the calculation. Users can deselect previously selected seats by clicking on them again, and the UI, along with localStorage, updates accordingly.
- Requirement 3: 
Upon loading the 'Movie Seat Booking' webpage, the system retrieves and applies previously selected seats and the movie selection from local storage. If local storage contains the keys 'selectedSeats' and 'selectedMovieIndex', the system will mark the seats corresponding to the indices in 'selectedSeats' with the 'selected' class. Additionally, the movie dropdown will be set to the option corresponding to 'selectedMovieIndex'. If local storage does not contain these values, no seats will be marked as 'selected', and the dropdown will default to the first movie option, 'The Big Lebowski ($10)'.
- Requirement 4: 
The system must dynamically display the number of selected seats and the total price as the user interacts with seat selections and movie choices. Specifically, when the user selects a movie from the dropdown menu with data-testid 'movie-select', the ticket price should be set according to the selected movie's value. As the user clicks on available seats (those without the 'occupied' class) within the seating area, the system should toggle the 'selected' class on the clicked seat. The count of selected seats, displayed with data-testid 'selected-count', should update to reflect the current number of seats with the 'selected' class. The total price, displayed with data-testid 'total-price', should be calculated as the product of the number of selected seats and the current ticket price. If a user deselects a seat by clicking on it again, the count and total price should decrease accordingly. If the user changes the movie selection after selecting seats, the total price should update based on the new ticket price while maintaining the count of selected seats. The system must prevent users from selecting seats marked as 'occupied'.
- Requirement 5: 
On the Movie Seat Booking page, users can distinguish between available, selected, and occupied seats through legends that indicate the status of each seat. Each status has its own corresponding legend (e.g., data-testid = 'seat-select') to help users understand the different seat states. Occupied seats are non-interactive and clearly marked to prevent selection. Available seats can be clicked to toggle their selection. When users select or deselect seats, the count of selected seats and the total price are updated accordingly.

    
    ## Output Format
    Provide a clean and complete implementation including:
    1. HTML structure (including necessary `data-testid`, `id`, and `class` values).
    2. JavaScript functionality that matches the behavior described.
    3. CSS for styling according to BEM and required class names.
    4. Ensure that the text content in the components is exactly as specified in the requirements.
    Do not include any extra components or libraries not listed above. Keep your code concise, semantic, and standards-compliant.
    ","{'overview': 'The Movie Seat Booking application allows users to select a movie and book seats in a theater. Users can choose from a list of movies, select available seats, and view the total cost of their selections. The application retains user selections using local storage to persist data across sessions.', 'predefined_options': ""The application offers a set of predefined movie options, each associated with a specific ticket price and uniquely identifiable by its corresponding data-testid. The default selection is 'The Big Lebowski' priced at $10 (data-testid='movie-option-1'), followed by 'Fargo' at $12 (data-testid='movie-option-2'), 'O Brother' at $8 (data-testid='movie-option-3'), and 'No Country for Old Men' at $9 (data-testid='movie-option-4'). The theater seating is arranged in 6 rows, with each row containing 8 seats. Every seat is uniquely identifiable via a data-testid in the format seat-row-column. For example, seat-1-1 refers to the first seat in the first row, and seat-2-3 refers to the third seat in the second row. Initially, the following seats are marked as occupied: Row 2: Seat 4 (seat-2-4) and Seat 5 (seat-2-5); Row 3: Seat 7 (seat-3-7) and Seat 8 (seat-3-8); Row 5: Seat 4 (seat-5-4) and Seat 5 (seat-5-5); Row 6: Seat 5 (seat-6-5), Seat 6 (seat-6-6), and Seat 7 (seat-6-7). This configuration ensures that each seat and movie option can be distinctly identified and interacted with, facilitating robust and precise testing."", 'external_resources': 'No external resources such as images or audio files are directly referenced in the provided code.', 'external_js_libraries': 'No external JavaScript libraries are referenced in the provided code.'}","The system must dynamically display the number of selected seats and the total price as the user interacts with seat selections and movie choices. Specifically, when the user selects a movie from the dropdown menu with data-testid 'movie-select', the ticket price should be set according to the selected movie's value. As the user clicks on available seats (those without the 'occupied' class) within the seating area, the system should toggle the 'selected' class on the clicked seat. The count of selected seats, displayed with data-testid 'selected-count', should update to reflect the current number of seats with the 'selected' class. The total price, displayed with data-testid 'total-price', should be calculated as the product of the number of selected seats and the current ticket price. If a user deselects a seat by clicking on it again, the count and total price should decrease accordingly. If the user changes the movie selection after selecting seats, the total price should update based on the new ticket price while maintaining the count of selected seats. The system must prevent users from selecting seats marked as 'occupied'.",https://anonymous.4open.science/r/E2EDev/E2EDev_data/E2ESD_Bench_03/,"Feature: Dynamic Seat Selection and Pricing Display
  The system displays the number of selected seats and the total price dynamically as the user interacts with seat selections and movie choices.


  Scenario: [Edge] User selects and deselects the same seat
    Given the movie seat booking page is loaded
    And the user selects ""Fargo ($12)"" from the movie dropdown with data-testid ""movie-select""
    When the user clicks on the seat with data-testid ""seat-2-1""
    And the user clicks again on the seat with data-testid ""seat-2-1""
    Then the selected seat count displayed with data-testid ""selected-count"" should be ""0""
    And the total price displayed with data-testid ""total-price"" should be ""$0""
","from behave import given, when, then
from selenium import webdriver
from selenium.webdriver.common.by import By
from selenium.webdriver.support.ui import WebDriverWait
from selenium.webdriver.support import expected_conditions as EC
import time

file_path = ""index.html""

@given('the movie seat booking page is loaded')
def step_given_movie_seat_booking_page_loaded(context):
    context.driver = webdriver.Chrome()
    context.driver.get(f""file://index.html"")
    time.sleep(1)

@given('the user selects ""Fargo ($12)"" from the movie dropdown with data-testid ""movie-select""')
def step_given_user_selects_movie(context):
    movie_select = WebDriverWait(context.driver, 10).until(
        EC.element_to_be_clickable((By.CSS_SELECTOR, ""[data-testid='movie-select']""))
    )
    movie_select.click()
    time.sleep(1)
    fargo_option = context.driver.find_element(By.CSS_SELECTOR, ""[data-testid='movie-option-2']"")
    fargo_option.click()
    time.sleep(1)

@when('the user clicks on the seat with data-testid ""seat-2-1""')
def step_when_user_clicks_seat(context):
    seat = WebDriverWait(context.driver, 10).until(
        EC.element_to_be_clickable((By.CSS_SELECTOR, ""[data-testid='seat-2-1']""))
    )
    seat.click()
    time.sleep(1)

@when('the user clicks again on the seat with data-testid ""seat-2-1""')
def step_when_user_clicks_seat_again(context):
    seat = WebDriverWait(context.driver, 10).until(
        EC.element_to_be_clickable((By.CSS_SELECTOR, ""[data-testid='seat-2-1']""))
    )
    seat.click()
    time.sleep(1)

@then('the selected seat count displayed with data-testid ""selected-count"" should be ""0""')
def step_then_selected_seat_count_should_be_zero(context):
    selected_count = context.driver.find_element(By.CSS_SELECTOR, ""[data-testid='selected-count']"")
    assert selected_count.text.strip() == ""0"", f""Expected '0', but got '{selected_count.text.strip()}'""

@then('the total price displayed with data-testid ""total-price"" should be ""$0""')
def step_then_total_price_should_be_zero(context):
    total_price = context.driver.find_element(By.CSS_SELECTOR, ""[data-testid='total-price']"")
    assert total_price.text.strip() == ""0"", f""Expected '$0', but got '{total_price.text.strip()}'""

def after_scenario(context, scenario):
    context.driver.quit()"
E2ESD_Bench_03,4,3,"
    You are tasked with implementing a complete web application using HTML, JavaScript, and CSS. Your implementation must strictly follow the specifications described below.
    SUMMARY:
    {
    ""overview"": ""The Movie Seat Booking application allows users to select a movie and book seats in a theater. Users can choose from a list of movies, select available seats, and view the total cost of their selections. The application retains user selections using local storage to persist data across sessions."",
    ""predefined_options"": ""The application offers a set of predefined movie options, each associated with a specific ticket price and uniquely identifiable by its corresponding data-testid. The default selection is 'The Big Lebowski' priced at $10 (data-testid='movie-option-1'), followed by 'Fargo' at $12 (data-testid='movie-option-2'), 'O Brother' at $8 (data-testid='movie-option-3'), and 'No Country for Old Men' at $9 (data-testid='movie-option-4'). The theater seating is arranged in 6 rows, with each row containing 8 seats. Every seat is uniquely identifiable via a data-testid in the format seat-row-column. For example, seat-1-1 refers to the first seat in the first row, and seat-2-3 refers to the third seat in the second row. Initially, the following seats are marked as occupied: Row 2: Seat 4 (seat-2-4) and Seat 5 (seat-2-5); Row 3: Seat 7 (seat-3-7) and Seat 8 (seat-3-8); Row 5: Seat 4 (seat-5-4) and Seat 5 (seat-5-5); Row 6: Seat 5 (seat-6-5), Seat 6 (seat-6-6), and Seat 7 (seat-6-7). This configuration ensures that each seat and movie option can be distinctly identified and interacted with, facilitating robust and precise testing."",
    ""external_resources"": ""No external resources such as images or audio files are directly referenced in the provided code."",
    ""external_js_libraries"": ""No external JavaScript libraries are referenced in the provided code.""
}
    ## Functional Requirements
    Implement the following features as described. For each requirement, make sure the HTML structure, JavaScript behavior, and CSS styles match the specifications exactly.
    REQUIREMENTS:
    - Requirement 1: 
Upon loading the webpage, users can interact with the seat map and movie dropdown to dynamically update the total price. Clicking on any available seat (i.e., a seat without the occupied class) marks it as selected, and the selected seat count updates in the element with data-testid=""selected-count"". Users can also select a movie from the dropdown (data-testid=""movie-select""), where each option has a value representing the ticket price. The total price, shown in the element with data-testid=""total-price"", is calculated as the number of selected seats multiplied by the selected movie’s price. Seats marked as occupied must not be selectable and should not affect the count or price. Changing the selected movie at any time updates the total price accordingly.
- Requirement 2: 
Upon interacting with the movie seat booking interface, users can select a movie from a dropdown menu, with options like 'The Big Lebowski ($10)', 'Fargo ($12)', 'O Brother ($8)', and 'No Country for Old Men ($9)', each identified by a specific data-testid. Once a movie is selected, its price updates accordingly. When users click on an available seat (e.g., identified by data-testid=""seat-1-1""), the system toggles the seat's selection status. Selected seats are visually marked, and their indices are stored in localStorage. The seat count (data-testid=""selected-count"") and total price (data-testid=""total-price"") are dynamically updated based on the number of selected seats and the chosen movie's price. Seats marked as 'occupied' cannot be selected or included in the calculation. Users can deselect previously selected seats by clicking on them again, and the UI, along with localStorage, updates accordingly.
- Requirement 3: 
Upon loading the 'Movie Seat Booking' webpage, the system retrieves and applies previously selected seats and the movie selection from local storage. If local storage contains the keys 'selectedSeats' and 'selectedMovieIndex', the system will mark the seats corresponding to the indices in 'selectedSeats' with the 'selected' class. Additionally, the movie dropdown will be set to the option corresponding to 'selectedMovieIndex'. If local storage does not contain these values, no seats will be marked as 'selected', and the dropdown will default to the first movie option, 'The Big Lebowski ($10)'.
- Requirement 4: 
The system must dynamically display the number of selected seats and the total price as the user interacts with seat selections and movie choices. Specifically, when the user selects a movie from the dropdown menu with data-testid 'movie-select', the ticket price should be set according to the selected movie's value. As the user clicks on available seats (those without the 'occupied' class) within the seating area, the system should toggle the 'selected' class on the clicked seat. The count of selected seats, displayed with data-testid 'selected-count', should update to reflect the current number of seats with the 'selected' class. The total price, displayed with data-testid 'total-price', should be calculated as the product of the number of selected seats and the current ticket price. If a user deselects a seat by clicking on it again, the count and total price should decrease accordingly. If the user changes the movie selection after selecting seats, the total price should update based on the new ticket price while maintaining the count of selected seats. The system must prevent users from selecting seats marked as 'occupied'.
- Requirement 5: 
On the Movie Seat Booking page, users can distinguish between available, selected, and occupied seats through legends that indicate the status of each seat. Each status has its own corresponding legend (e.g., data-testid = 'seat-select') to help users understand the different seat states. Occupied seats are non-interactive and clearly marked to prevent selection. Available seats can be clicked to toggle their selection. When users select or deselect seats, the count of selected seats and the total price are updated accordingly.

    
    ## Output Format
    Provide a clean and complete implementation including:
    1. HTML structure (including necessary `data-testid`, `id`, and `class` values).
    2. JavaScript functionality that matches the behavior described.
    3. CSS for styling according to BEM and required class names.
    4. Ensure that the text content in the components is exactly as specified in the requirements.
    Do not include any extra components or libraries not listed above. Keep your code concise, semantic, and standards-compliant.
    ","{'overview': 'The Movie Seat Booking application allows users to select a movie and book seats in a theater. Users can choose from a list of movies, select available seats, and view the total cost of their selections. The application retains user selections using local storage to persist data across sessions.', 'predefined_options': ""The application offers a set of predefined movie options, each associated with a specific ticket price and uniquely identifiable by its corresponding data-testid. The default selection is 'The Big Lebowski' priced at $10 (data-testid='movie-option-1'), followed by 'Fargo' at $12 (data-testid='movie-option-2'), 'O Brother' at $8 (data-testid='movie-option-3'), and 'No Country for Old Men' at $9 (data-testid='movie-option-4'). The theater seating is arranged in 6 rows, with each row containing 8 seats. Every seat is uniquely identifiable via a data-testid in the format seat-row-column. For example, seat-1-1 refers to the first seat in the first row, and seat-2-3 refers to the third seat in the second row. Initially, the following seats are marked as occupied: Row 2: Seat 4 (seat-2-4) and Seat 5 (seat-2-5); Row 3: Seat 7 (seat-3-7) and Seat 8 (seat-3-8); Row 5: Seat 4 (seat-5-4) and Seat 5 (seat-5-5); Row 6: Seat 5 (seat-6-5), Seat 6 (seat-6-6), and Seat 7 (seat-6-7). This configuration ensures that each seat and movie option can be distinctly identified and interacted with, facilitating robust and precise testing."", 'external_resources': 'No external resources such as images or audio files are directly referenced in the provided code.', 'external_js_libraries': 'No external JavaScript libraries are referenced in the provided code.'}","The system must dynamically display the number of selected seats and the total price as the user interacts with seat selections and movie choices. Specifically, when the user selects a movie from the dropdown menu with data-testid 'movie-select', the ticket price should be set according to the selected movie's value. As the user clicks on available seats (those without the 'occupied' class) within the seating area, the system should toggle the 'selected' class on the clicked seat. The count of selected seats, displayed with data-testid 'selected-count', should update to reflect the current number of seats with the 'selected' class. The total price, displayed with data-testid 'total-price', should be calculated as the product of the number of selected seats and the current ticket price. If a user deselects a seat by clicking on it again, the count and total price should decrease accordingly. If the user changes the movie selection after selecting seats, the total price should update based on the new ticket price while maintaining the count of selected seats. The system must prevent users from selecting seats marked as 'occupied'.",https://anonymous.4open.science/r/E2EDev/E2EDev_data/E2ESD_Bench_03/,"Feature: Dynamic Seat Selection and Pricing Display
  The system displays the number of selected seats and the total price dynamically as the user interacts with seat selections and movie choices.


  Scenario: [Edge] User selects seats in different rows
    Given the movie seat booking page is loaded
    And the user selects ""O Brother ($8)"" from the movie dropdown with data-testid ""movie-select""
    When the user clicks on the seat with data-testid ""seat-3-1""
    And the user clicks on the seat with data-testid ""seat-4-1""
    Then the selected seat count displayed with data-testid ""selected-count"" should be ""2""
    And the total price displayed with data-testid ""total-price"" should be ""$16""
","from behave import given, when, then
from selenium import webdriver
from selenium.webdriver.common.by import By
from selenium.webdriver.support.ui import WebDriverWait
from selenium.webdriver.support import expected_conditions as EC
import time

file_path = ""index.html""

@given('the movie seat booking page is loaded')
def step_given_movie_seat_booking_page_loaded(context):
    context.driver = webdriver.Chrome()
    context.driver.get(f""file://index.html"")
    time.sleep(1)

@given('the user selects ""O Brother ($8)"" from the movie dropdown with data-testid ""movie-select""')
def step_given_user_selects_movie(context):
    movie_select = WebDriverWait(context.driver, 10).until(
        EC.element_to_be_clickable((By.CSS_SELECTOR, ""[data-testid='movie-select']""))
    )
    movie_select.click()
    time.sleep(1)
    movie_option = context.driver.find_element(By.CSS_SELECTOR, ""[data-testid='movie-option-3']"")
    movie_option.click()
    time.sleep(1)

@when('the user clicks on the seat with data-testid ""seat-3-1""')
def step_when_user_clicks_seat_3_1(context):
    seat_3_1 = WebDriverWait(context.driver, 10).until(
        EC.element_to_be_clickable((By.CSS_SELECTOR, ""[data-testid='seat-3-1']""))
    )
    seat_3_1.click()
    time.sleep(1)

@when('the user clicks on the seat with data-testid ""seat-4-1""')
def step_when_user_clicks_seat_4_1(context):
    seat_4_1 = WebDriverWait(context.driver, 10).until(
        EC.element_to_be_clickable((By.CSS_SELECTOR, ""[data-testid='seat-4-1']""))
    )
    seat_4_1.click()
    time.sleep(1)

@then('the selected seat count displayed with data-testid ""selected-count"" should be ""2""')
def step_then_selected_seat_count_should_be_2(context):
    selected_count = WebDriverWait(context.driver, 10).until(
        EC.visibility_of_element_located((By.CSS_SELECTOR, ""[data-testid='selected-count']""))
    )
    assert selected_count.text.strip() == ""2"", f""Expected selected count to be '2', but got '{selected_count.text.strip()}'""

@then('the total price displayed with data-testid ""total-price"" should be ""$16""')
def step_then_total_price_should_be_16(context):
    total_price = WebDriverWait(context.driver, 10).until(
        EC.visibility_of_element_located((By.CSS_SELECTOR, ""[data-testid='total-price']""))
    )
    assert total_price.text.strip() == ""16"", f""Expected total price to be '$16', but got '{total_price.text.strip()}'""

def after_scenario(context, scenario):
    context.driver.quit()"
E2ESD_Bench_03,4,4,"
    You are tasked with implementing a complete web application using HTML, JavaScript, and CSS. Your implementation must strictly follow the specifications described below.
    SUMMARY:
    {
    ""overview"": ""The Movie Seat Booking application allows users to select a movie and book seats in a theater. Users can choose from a list of movies, select available seats, and view the total cost of their selections. The application retains user selections using local storage to persist data across sessions."",
    ""predefined_options"": ""The application offers a set of predefined movie options, each associated with a specific ticket price and uniquely identifiable by its corresponding data-testid. The default selection is 'The Big Lebowski' priced at $10 (data-testid='movie-option-1'), followed by 'Fargo' at $12 (data-testid='movie-option-2'), 'O Brother' at $8 (data-testid='movie-option-3'), and 'No Country for Old Men' at $9 (data-testid='movie-option-4'). The theater seating is arranged in 6 rows, with each row containing 8 seats. Every seat is uniquely identifiable via a data-testid in the format seat-row-column. For example, seat-1-1 refers to the first seat in the first row, and seat-2-3 refers to the third seat in the second row. Initially, the following seats are marked as occupied: Row 2: Seat 4 (seat-2-4) and Seat 5 (seat-2-5); Row 3: Seat 7 (seat-3-7) and Seat 8 (seat-3-8); Row 5: Seat 4 (seat-5-4) and Seat 5 (seat-5-5); Row 6: Seat 5 (seat-6-5), Seat 6 (seat-6-6), and Seat 7 (seat-6-7). This configuration ensures that each seat and movie option can be distinctly identified and interacted with, facilitating robust and precise testing."",
    ""external_resources"": ""No external resources such as images or audio files are directly referenced in the provided code."",
    ""external_js_libraries"": ""No external JavaScript libraries are referenced in the provided code.""
}
    ## Functional Requirements
    Implement the following features as described. For each requirement, make sure the HTML structure, JavaScript behavior, and CSS styles match the specifications exactly.
    REQUIREMENTS:
    - Requirement 1: 
Upon loading the webpage, users can interact with the seat map and movie dropdown to dynamically update the total price. Clicking on any available seat (i.e., a seat without the occupied class) marks it as selected, and the selected seat count updates in the element with data-testid=""selected-count"". Users can also select a movie from the dropdown (data-testid=""movie-select""), where each option has a value representing the ticket price. The total price, shown in the element with data-testid=""total-price"", is calculated as the number of selected seats multiplied by the selected movie’s price. Seats marked as occupied must not be selectable and should not affect the count or price. Changing the selected movie at any time updates the total price accordingly.
- Requirement 2: 
Upon interacting with the movie seat booking interface, users can select a movie from a dropdown menu, with options like 'The Big Lebowski ($10)', 'Fargo ($12)', 'O Brother ($8)', and 'No Country for Old Men ($9)', each identified by a specific data-testid. Once a movie is selected, its price updates accordingly. When users click on an available seat (e.g., identified by data-testid=""seat-1-1""), the system toggles the seat's selection status. Selected seats are visually marked, and their indices are stored in localStorage. The seat count (data-testid=""selected-count"") and total price (data-testid=""total-price"") are dynamically updated based on the number of selected seats and the chosen movie's price. Seats marked as 'occupied' cannot be selected or included in the calculation. Users can deselect previously selected seats by clicking on them again, and the UI, along with localStorage, updates accordingly.
- Requirement 3: 
Upon loading the 'Movie Seat Booking' webpage, the system retrieves and applies previously selected seats and the movie selection from local storage. If local storage contains the keys 'selectedSeats' and 'selectedMovieIndex', the system will mark the seats corresponding to the indices in 'selectedSeats' with the 'selected' class. Additionally, the movie dropdown will be set to the option corresponding to 'selectedMovieIndex'. If local storage does not contain these values, no seats will be marked as 'selected', and the dropdown will default to the first movie option, 'The Big Lebowski ($10)'.
- Requirement 4: 
The system must dynamically display the number of selected seats and the total price as the user interacts with seat selections and movie choices. Specifically, when the user selects a movie from the dropdown menu with data-testid 'movie-select', the ticket price should be set according to the selected movie's value. As the user clicks on available seats (those without the 'occupied' class) within the seating area, the system should toggle the 'selected' class on the clicked seat. The count of selected seats, displayed with data-testid 'selected-count', should update to reflect the current number of seats with the 'selected' class. The total price, displayed with data-testid 'total-price', should be calculated as the product of the number of selected seats and the current ticket price. If a user deselects a seat by clicking on it again, the count and total price should decrease accordingly. If the user changes the movie selection after selecting seats, the total price should update based on the new ticket price while maintaining the count of selected seats. The system must prevent users from selecting seats marked as 'occupied'.
- Requirement 5: 
On the Movie Seat Booking page, users can distinguish between available, selected, and occupied seats through legends that indicate the status of each seat. Each status has its own corresponding legend (e.g., data-testid = 'seat-select') to help users understand the different seat states. Occupied seats are non-interactive and clearly marked to prevent selection. Available seats can be clicked to toggle their selection. When users select or deselect seats, the count of selected seats and the total price are updated accordingly.

    
    ## Output Format
    Provide a clean and complete implementation including:
    1. HTML structure (including necessary `data-testid`, `id`, and `class` values).
    2. JavaScript functionality that matches the behavior described.
    3. CSS for styling according to BEM and required class names.
    4. Ensure that the text content in the components is exactly as specified in the requirements.
    Do not include any extra components or libraries not listed above. Keep your code concise, semantic, and standards-compliant.
    ","{'overview': 'The Movie Seat Booking application allows users to select a movie and book seats in a theater. Users can choose from a list of movies, select available seats, and view the total cost of their selections. The application retains user selections using local storage to persist data across sessions.', 'predefined_options': ""The application offers a set of predefined movie options, each associated with a specific ticket price and uniquely identifiable by its corresponding data-testid. The default selection is 'The Big Lebowski' priced at $10 (data-testid='movie-option-1'), followed by 'Fargo' at $12 (data-testid='movie-option-2'), 'O Brother' at $8 (data-testid='movie-option-3'), and 'No Country for Old Men' at $9 (data-testid='movie-option-4'). The theater seating is arranged in 6 rows, with each row containing 8 seats. Every seat is uniquely identifiable via a data-testid in the format seat-row-column. For example, seat-1-1 refers to the first seat in the first row, and seat-2-3 refers to the third seat in the second row. Initially, the following seats are marked as occupied: Row 2: Seat 4 (seat-2-4) and Seat 5 (seat-2-5); Row 3: Seat 7 (seat-3-7) and Seat 8 (seat-3-8); Row 5: Seat 4 (seat-5-4) and Seat 5 (seat-5-5); Row 6: Seat 5 (seat-6-5), Seat 6 (seat-6-6), and Seat 7 (seat-6-7). This configuration ensures that each seat and movie option can be distinctly identified and interacted with, facilitating robust and precise testing."", 'external_resources': 'No external resources such as images or audio files are directly referenced in the provided code.', 'external_js_libraries': 'No external JavaScript libraries are referenced in the provided code.'}","The system must dynamically display the number of selected seats and the total price as the user interacts with seat selections and movie choices. Specifically, when the user selects a movie from the dropdown menu with data-testid 'movie-select', the ticket price should be set according to the selected movie's value. As the user clicks on available seats (those without the 'occupied' class) within the seating area, the system should toggle the 'selected' class on the clicked seat. The count of selected seats, displayed with data-testid 'selected-count', should update to reflect the current number of seats with the 'selected' class. The total price, displayed with data-testid 'total-price', should be calculated as the product of the number of selected seats and the current ticket price. If a user deselects a seat by clicking on it again, the count and total price should decrease accordingly. If the user changes the movie selection after selecting seats, the total price should update based on the new ticket price while maintaining the count of selected seats. The system must prevent users from selecting seats marked as 'occupied'.",https://anonymous.4open.science/r/E2EDev/E2EDev_data/E2ESD_Bench_03/,"Feature: Dynamic Seat Selection and Pricing Display
  The system displays the number of selected seats and the total price dynamically as the user interacts with seat selections and movie choices.


  Scenario: [Error] User attempts to select an occupied seat
    Given the movie seat booking page is loaded
    And the user selects ""No Country for Old Men ($9)"" from the movie dropdown with data-testid ""movie-select""
    When the user clicks on the occupied seat with data-testid ""seat-2-4""
    Then the selected seat count displayed with data-testid ""selected-count"" should remain ""0""
    And the total price displayed with data-testid ""total-price"" should remain ""$0""
","from behave import given, when, then
from selenium import webdriver
from selenium.webdriver.common.by import By
from selenium.webdriver.support.ui import WebDriverWait
from selenium.webdriver.support import expected_conditions as EC
import time

file_path = ""index.html""

@given(""the movie seat booking page is loaded"")
def step_given_page_loaded(context):
    context.driver = webdriver.Chrome()
    context.driver.get(f""file://index.html"")
    time.sleep(1)

@given('the user selects ""No Country for Old Men ($9)"" from the movie dropdown with data-testid ""movie-select""')
def step_given_select_movie(context):
    movie_select = WebDriverWait(context.driver, 10).until(
        EC.presence_of_element_located((By.CSS_SELECTOR, ""[data-testid='movie-select']""))
    )
    movie_select.click()
    time.sleep(1)
    option = WebDriverWait(context.driver, 10).until(
        EC.presence_of_element_located((By.CSS_SELECTOR, ""[data-testid='movie-option-4']""))
    )
    option.click()
    time.sleep(1)

@when('the user clicks on the occupied seat with data-testid ""seat-2-4""')
def step_when_click_occupied_seat(context):
    occupied_seat = WebDriverWait(context.driver, 10).until(
        EC.presence_of_element_located((By.CSS_SELECTOR, ""[data-testid='seat-2-4']""))
    )
    occupied_seat.click()
    time.sleep(1)

@then('the selected seat count displayed with data-testid ""selected-count"" should remain ""0""')
def step_then_check_selected_count(context):
    selected_count = WebDriverWait(context.driver, 10).until(
        EC.presence_of_element_located((By.CSS_SELECTOR, ""[data-testid='selected-count']""))
    )
    assert selected_count.text.strip() == ""0"", f""Expected '0', but got '{selected_count.text.strip()}'""

@then('the total price displayed with data-testid ""total-price"" should remain ""$0""')
def step_then_check_total_price(context):
    total_price = WebDriverWait(context.driver, 10).until(
        EC.presence_of_element_located((By.CSS_SELECTOR, ""[data-testid='total-price']""))
    )
    assert total_price.text.strip() == ""0"", f""Expected '$0', but got '{total_price.text.strip()}'""

def after_scenario(context, scenario):
    context.driver.quit()"
E2ESD_Bench_03,4,5,"
    You are tasked with implementing a complete web application using HTML, JavaScript, and CSS. Your implementation must strictly follow the specifications described below.
    SUMMARY:
    {
    ""overview"": ""The Movie Seat Booking application allows users to select a movie and book seats in a theater. Users can choose from a list of movies, select available seats, and view the total cost of their selections. The application retains user selections using local storage to persist data across sessions."",
    ""predefined_options"": ""The application offers a set of predefined movie options, each associated with a specific ticket price and uniquely identifiable by its corresponding data-testid. The default selection is 'The Big Lebowski' priced at $10 (data-testid='movie-option-1'), followed by 'Fargo' at $12 (data-testid='movie-option-2'), 'O Brother' at $8 (data-testid='movie-option-3'), and 'No Country for Old Men' at $9 (data-testid='movie-option-4'). The theater seating is arranged in 6 rows, with each row containing 8 seats. Every seat is uniquely identifiable via a data-testid in the format seat-row-column. For example, seat-1-1 refers to the first seat in the first row, and seat-2-3 refers to the third seat in the second row. Initially, the following seats are marked as occupied: Row 2: Seat 4 (seat-2-4) and Seat 5 (seat-2-5); Row 3: Seat 7 (seat-3-7) and Seat 8 (seat-3-8); Row 5: Seat 4 (seat-5-4) and Seat 5 (seat-5-5); Row 6: Seat 5 (seat-6-5), Seat 6 (seat-6-6), and Seat 7 (seat-6-7). This configuration ensures that each seat and movie option can be distinctly identified and interacted with, facilitating robust and precise testing."",
    ""external_resources"": ""No external resources such as images or audio files are directly referenced in the provided code."",
    ""external_js_libraries"": ""No external JavaScript libraries are referenced in the provided code.""
}
    ## Functional Requirements
    Implement the following features as described. For each requirement, make sure the HTML structure, JavaScript behavior, and CSS styles match the specifications exactly.
    REQUIREMENTS:
    - Requirement 1: 
Upon loading the webpage, users can interact with the seat map and movie dropdown to dynamically update the total price. Clicking on any available seat (i.e., a seat without the occupied class) marks it as selected, and the selected seat count updates in the element with data-testid=""selected-count"". Users can also select a movie from the dropdown (data-testid=""movie-select""), where each option has a value representing the ticket price. The total price, shown in the element with data-testid=""total-price"", is calculated as the number of selected seats multiplied by the selected movie’s price. Seats marked as occupied must not be selectable and should not affect the count or price. Changing the selected movie at any time updates the total price accordingly.
- Requirement 2: 
Upon interacting with the movie seat booking interface, users can select a movie from a dropdown menu, with options like 'The Big Lebowski ($10)', 'Fargo ($12)', 'O Brother ($8)', and 'No Country for Old Men ($9)', each identified by a specific data-testid. Once a movie is selected, its price updates accordingly. When users click on an available seat (e.g., identified by data-testid=""seat-1-1""), the system toggles the seat's selection status. Selected seats are visually marked, and their indices are stored in localStorage. The seat count (data-testid=""selected-count"") and total price (data-testid=""total-price"") are dynamically updated based on the number of selected seats and the chosen movie's price. Seats marked as 'occupied' cannot be selected or included in the calculation. Users can deselect previously selected seats by clicking on them again, and the UI, along with localStorage, updates accordingly.
- Requirement 3: 
Upon loading the 'Movie Seat Booking' webpage, the system retrieves and applies previously selected seats and the movie selection from local storage. If local storage contains the keys 'selectedSeats' and 'selectedMovieIndex', the system will mark the seats corresponding to the indices in 'selectedSeats' with the 'selected' class. Additionally, the movie dropdown will be set to the option corresponding to 'selectedMovieIndex'. If local storage does not contain these values, no seats will be marked as 'selected', and the dropdown will default to the first movie option, 'The Big Lebowski ($10)'.
- Requirement 4: 
The system must dynamically display the number of selected seats and the total price as the user interacts with seat selections and movie choices. Specifically, when the user selects a movie from the dropdown menu with data-testid 'movie-select', the ticket price should be set according to the selected movie's value. As the user clicks on available seats (those without the 'occupied' class) within the seating area, the system should toggle the 'selected' class on the clicked seat. The count of selected seats, displayed with data-testid 'selected-count', should update to reflect the current number of seats with the 'selected' class. The total price, displayed with data-testid 'total-price', should be calculated as the product of the number of selected seats and the current ticket price. If a user deselects a seat by clicking on it again, the count and total price should decrease accordingly. If the user changes the movie selection after selecting seats, the total price should update based on the new ticket price while maintaining the count of selected seats. The system must prevent users from selecting seats marked as 'occupied'.
- Requirement 5: 
On the Movie Seat Booking page, users can distinguish between available, selected, and occupied seats through legends that indicate the status of each seat. Each status has its own corresponding legend (e.g., data-testid = 'seat-select') to help users understand the different seat states. Occupied seats are non-interactive and clearly marked to prevent selection. Available seats can be clicked to toggle their selection. When users select or deselect seats, the count of selected seats and the total price are updated accordingly.

    
    ## Output Format
    Provide a clean and complete implementation including:
    1. HTML structure (including necessary `data-testid`, `id`, and `class` values).
    2. JavaScript functionality that matches the behavior described.
    3. CSS for styling according to BEM and required class names.
    4. Ensure that the text content in the components is exactly as specified in the requirements.
    Do not include any extra components or libraries not listed above. Keep your code concise, semantic, and standards-compliant.
    ","{'overview': 'The Movie Seat Booking application allows users to select a movie and book seats in a theater. Users can choose from a list of movies, select available seats, and view the total cost of their selections. The application retains user selections using local storage to persist data across sessions.', 'predefined_options': ""The application offers a set of predefined movie options, each associated with a specific ticket price and uniquely identifiable by its corresponding data-testid. The default selection is 'The Big Lebowski' priced at $10 (data-testid='movie-option-1'), followed by 'Fargo' at $12 (data-testid='movie-option-2'), 'O Brother' at $8 (data-testid='movie-option-3'), and 'No Country for Old Men' at $9 (data-testid='movie-option-4'). The theater seating is arranged in 6 rows, with each row containing 8 seats. Every seat is uniquely identifiable via a data-testid in the format seat-row-column. For example, seat-1-1 refers to the first seat in the first row, and seat-2-3 refers to the third seat in the second row. Initially, the following seats are marked as occupied: Row 2: Seat 4 (seat-2-4) and Seat 5 (seat-2-5); Row 3: Seat 7 (seat-3-7) and Seat 8 (seat-3-8); Row 5: Seat 4 (seat-5-4) and Seat 5 (seat-5-5); Row 6: Seat 5 (seat-6-5), Seat 6 (seat-6-6), and Seat 7 (seat-6-7). This configuration ensures that each seat and movie option can be distinctly identified and interacted with, facilitating robust and precise testing."", 'external_resources': 'No external resources such as images or audio files are directly referenced in the provided code.', 'external_js_libraries': 'No external JavaScript libraries are referenced in the provided code.'}","The system must dynamically display the number of selected seats and the total price as the user interacts with seat selections and movie choices. Specifically, when the user selects a movie from the dropdown menu with data-testid 'movie-select', the ticket price should be set according to the selected movie's value. As the user clicks on available seats (those without the 'occupied' class) within the seating area, the system should toggle the 'selected' class on the clicked seat. The count of selected seats, displayed with data-testid 'selected-count', should update to reflect the current number of seats with the 'selected' class. The total price, displayed with data-testid 'total-price', should be calculated as the product of the number of selected seats and the current ticket price. If a user deselects a seat by clicking on it again, the count and total price should decrease accordingly. If the user changes the movie selection after selecting seats, the total price should update based on the new ticket price while maintaining the count of selected seats. The system must prevent users from selecting seats marked as 'occupied'.",https://anonymous.4open.science/r/E2EDev/E2EDev_data/E2ESD_Bench_03/,"Feature: Dynamic Seat Selection and Pricing Display
  The system displays the number of selected seats and the total price dynamically as the user interacts with seat selections and movie choices.


  Scenario: [Normal] User changes movie selection after selecting seats
    Given the movie seat booking page is loaded
    And the user selects ""The Big Lebowski ($10)"" from the movie dropdown with data-testid ""movie-select""
    And the user clicks on the seat with data-testid ""seat-1-1""
    When the user changes the movie selection to ""Fargo ($12)"" from the movie dropdown with data-testid ""movie-select""
    Then the selected seat count displayed with data-testid ""selected-count"" should be ""1""
    And the total price displayed with data-testid ""total-price"" should be ""$12""","from behave import given, when, then
from selenium import webdriver
from selenium.webdriver.common.by import By
from selenium.webdriver.support.ui import WebDriverWait
from selenium.webdriver.support import expected_conditions as EC
import time

file_path = ""index.html""

@given('the movie seat booking page is loaded')
def step_given_movie_seat_booking_page_loaded(context):
    context.driver = webdriver.Chrome()
    context.driver.get(f""file://index.html"")
    time.sleep(1)

@given('the user selects ""The Big Lebowski ($10)"" from the movie dropdown with data-testid ""movie-select""')
def step_given_user_selects_big_lebowski(context):
    movie_select = WebDriverWait(context.driver, 10).until(
        EC.element_to_be_clickable((By.CSS_SELECTOR, ""[data-testid='movie-select']""))
    )
    movie_select.click()
    time.sleep(1)
    option = context.driver.find_element(By.CSS_SELECTOR, ""[data-testid='movie-option-1']"")
    option.click()
    time.sleep(1)

@given('the user clicks on the seat with data-testid ""seat-1-1""')
def step_given_user_clicks_seat_1_1(context):
    seat = WebDriverWait(context.driver, 10).until(
        EC.element_to_be_clickable((By.CSS_SELECTOR, ""[data-testid='seat-1-1']""))
    )
    seat.click()
    time.sleep(1)

@when('the user changes the movie selection to ""Fargo ($12)"" from the movie dropdown with data-testid ""movie-select""')
def step_when_user_changes_movie_selection_to_fargo(context):
    movie_select = WebDriverWait(context.driver, 10).until(
        EC.element_to_be_clickable((By.CSS_SELECTOR, ""[data-testid='movie-select']""))
    )
    movie_select.click()
    time.sleep(1)
    option = context.driver.find_element(By.CSS_SELECTOR, ""[data-testid='movie-option-2']"")
    option.click()
    time.sleep(1)

@then('the selected seat count displayed with data-testid ""selected-count"" should be ""1""')
def step_then_selected_seat_count_should_be_1(context):
    selected_count = WebDriverWait(context.driver, 10).until(
        EC.visibility_of_element_located((By.CSS_SELECTOR, ""[data-testid='selected-count']""))
    )
    assert selected_count.text.strip() == ""1"", f""Expected seat count '1', but got '{selected_count.text.strip()}'""

@then('the total price displayed with data-testid ""total-price"" should be ""$12""')
def step_then_total_price_should_be_12(context):
    total_price = WebDriverWait(context.driver, 10).until(
        EC.visibility_of_element_located((By.CSS_SELECTOR, ""[data-testid='total-price']""))
    )
    assert total_price.text.strip() == ""12"", f""Expected total price '12', but got '{total_price.text.strip()}'""

def after_scenario(context, scenario):
    context.driver.quit()"
E2ESD_Bench_03,5,1,"
    You are tasked with implementing a complete web application using HTML, JavaScript, and CSS. Your implementation must strictly follow the specifications described below.
    SUMMARY:
    {
    ""overview"": ""The Movie Seat Booking application allows users to select a movie and book seats in a theater. Users can choose from a list of movies, select available seats, and view the total cost of their selections. The application retains user selections using local storage to persist data across sessions."",
    ""predefined_options"": ""The application offers a set of predefined movie options, each associated with a specific ticket price and uniquely identifiable by its corresponding data-testid. The default selection is 'The Big Lebowski' priced at $10 (data-testid='movie-option-1'), followed by 'Fargo' at $12 (data-testid='movie-option-2'), 'O Brother' at $8 (data-testid='movie-option-3'), and 'No Country for Old Men' at $9 (data-testid='movie-option-4'). The theater seating is arranged in 6 rows, with each row containing 8 seats. Every seat is uniquely identifiable via a data-testid in the format seat-row-column. For example, seat-1-1 refers to the first seat in the first row, and seat-2-3 refers to the third seat in the second row. Initially, the following seats are marked as occupied: Row 2: Seat 4 (seat-2-4) and Seat 5 (seat-2-5); Row 3: Seat 7 (seat-3-7) and Seat 8 (seat-3-8); Row 5: Seat 4 (seat-5-4) and Seat 5 (seat-5-5); Row 6: Seat 5 (seat-6-5), Seat 6 (seat-6-6), and Seat 7 (seat-6-7). This configuration ensures that each seat and movie option can be distinctly identified and interacted with, facilitating robust and precise testing."",
    ""external_resources"": ""No external resources such as images or audio files are directly referenced in the provided code."",
    ""external_js_libraries"": ""No external JavaScript libraries are referenced in the provided code.""
}
    ## Functional Requirements
    Implement the following features as described. For each requirement, make sure the HTML structure, JavaScript behavior, and CSS styles match the specifications exactly.
    REQUIREMENTS:
    - Requirement 1: 
Upon loading the webpage, users can interact with the seat map and movie dropdown to dynamically update the total price. Clicking on any available seat (i.e., a seat without the occupied class) marks it as selected, and the selected seat count updates in the element with data-testid=""selected-count"". Users can also select a movie from the dropdown (data-testid=""movie-select""), where each option has a value representing the ticket price. The total price, shown in the element with data-testid=""total-price"", is calculated as the number of selected seats multiplied by the selected movie’s price. Seats marked as occupied must not be selectable and should not affect the count or price. Changing the selected movie at any time updates the total price accordingly.
- Requirement 2: 
Upon interacting with the movie seat booking interface, users can select a movie from a dropdown menu, with options like 'The Big Lebowski ($10)', 'Fargo ($12)', 'O Brother ($8)', and 'No Country for Old Men ($9)', each identified by a specific data-testid. Once a movie is selected, its price updates accordingly. When users click on an available seat (e.g., identified by data-testid=""seat-1-1""), the system toggles the seat's selection status. Selected seats are visually marked, and their indices are stored in localStorage. The seat count (data-testid=""selected-count"") and total price (data-testid=""total-price"") are dynamically updated based on the number of selected seats and the chosen movie's price. Seats marked as 'occupied' cannot be selected or included in the calculation. Users can deselect previously selected seats by clicking on them again, and the UI, along with localStorage, updates accordingly.
- Requirement 3: 
Upon loading the 'Movie Seat Booking' webpage, the system retrieves and applies previously selected seats and the movie selection from local storage. If local storage contains the keys 'selectedSeats' and 'selectedMovieIndex', the system will mark the seats corresponding to the indices in 'selectedSeats' with the 'selected' class. Additionally, the movie dropdown will be set to the option corresponding to 'selectedMovieIndex'. If local storage does not contain these values, no seats will be marked as 'selected', and the dropdown will default to the first movie option, 'The Big Lebowski ($10)'.
- Requirement 4: 
The system must dynamically display the number of selected seats and the total price as the user interacts with seat selections and movie choices. Specifically, when the user selects a movie from the dropdown menu with data-testid 'movie-select', the ticket price should be set according to the selected movie's value. As the user clicks on available seats (those without the 'occupied' class) within the seating area, the system should toggle the 'selected' class on the clicked seat. The count of selected seats, displayed with data-testid 'selected-count', should update to reflect the current number of seats with the 'selected' class. The total price, displayed with data-testid 'total-price', should be calculated as the product of the number of selected seats and the current ticket price. If a user deselects a seat by clicking on it again, the count and total price should decrease accordingly. If the user changes the movie selection after selecting seats, the total price should update based on the new ticket price while maintaining the count of selected seats. The system must prevent users from selecting seats marked as 'occupied'.
- Requirement 5: 
On the Movie Seat Booking page, users can distinguish between available, selected, and occupied seats through legends that indicate the status of each seat. Each status has its own corresponding legend (e.g., data-testid = 'seat-select') to help users understand the different seat states. Occupied seats are non-interactive and clearly marked to prevent selection. Available seats can be clicked to toggle their selection. When users select or deselect seats, the count of selected seats and the total price are updated accordingly.

    
    ## Output Format
    Provide a clean and complete implementation including:
    1. HTML structure (including necessary `data-testid`, `id`, and `class` values).
    2. JavaScript functionality that matches the behavior described.
    3. CSS for styling according to BEM and required class names.
    4. Ensure that the text content in the components is exactly as specified in the requirements.
    Do not include any extra components or libraries not listed above. Keep your code concise, semantic, and standards-compliant.
    ","{'overview': 'The Movie Seat Booking application allows users to select a movie and book seats in a theater. Users can choose from a list of movies, select available seats, and view the total cost of their selections. The application retains user selections using local storage to persist data across sessions.', 'predefined_options': ""The application offers a set of predefined movie options, each associated with a specific ticket price and uniquely identifiable by its corresponding data-testid. The default selection is 'The Big Lebowski' priced at $10 (data-testid='movie-option-1'), followed by 'Fargo' at $12 (data-testid='movie-option-2'), 'O Brother' at $8 (data-testid='movie-option-3'), and 'No Country for Old Men' at $9 (data-testid='movie-option-4'). The theater seating is arranged in 6 rows, with each row containing 8 seats. Every seat is uniquely identifiable via a data-testid in the format seat-row-column. For example, seat-1-1 refers to the first seat in the first row, and seat-2-3 refers to the third seat in the second row. Initially, the following seats are marked as occupied: Row 2: Seat 4 (seat-2-4) and Seat 5 (seat-2-5); Row 3: Seat 7 (seat-3-7) and Seat 8 (seat-3-8); Row 5: Seat 4 (seat-5-4) and Seat 5 (seat-5-5); Row 6: Seat 5 (seat-6-5), Seat 6 (seat-6-6), and Seat 7 (seat-6-7). This configuration ensures that each seat and movie option can be distinctly identified and interacted with, facilitating robust and precise testing."", 'external_resources': 'No external resources such as images or audio files are directly referenced in the provided code.', 'external_js_libraries': 'No external JavaScript libraries are referenced in the provided code.'}","On the Movie Seat Booking page, users can distinguish between available, selected, and occupied seats through legends that indicate the status of each seat. Each status has its own corresponding legend (e.g., data-testid = 'seat-select') to help users understand the different seat states. Occupied seats are non-interactive and clearly marked to prevent selection. Available seats can be clicked to toggle their selection. When users select or deselect seats, the count of selected seats and the total price are updated accordingly.",https://anonymous.4open.science/r/E2EDev/E2EDev_data/E2ESD_Bench_03/,"Feature: Seat Status Visualization and Interaction
  The user can view the status of seats (available, selected, occupied) visually, with occupied seats being non-interactive.


  Scenario: [Normal] User views seat status
    Given the Movie Seat Booking page is loaded
    When the user views the seating area
    Then the seat with data-testid ""seat-1-1"" should be available
    And the seat with data-testid ""seat-2-4"" should be occupied
    And the seat with data-testid ""seat-selected"" should be selected
","from behave import given, when, then
from selenium import webdriver
from selenium.webdriver.common.by import By
from selenium.webdriver.support.ui import WebDriverWait
from selenium.webdriver.support import expected_conditions as EC
import time

file_path = ""index.html""

@given(""the Movie Seat Booking page is loaded"")
def step_given_page_loaded(context):
    context.driver = webdriver.Chrome()
    context.driver.get(f""file://index.html"")
    time.sleep(1)  # Allow time for the page to load

@when(""the user views the seating area"")
def step_when_user_views_seating_area(context):
    # No specific action needed, just ensuring the page is loaded
    pass

@then('the seat with data-testid ""seat-1-1"" should be available')
def step_then_seat_1_1_available(context):
    seat_1_1 = WebDriverWait(context.driver, 10).until(
        EC.presence_of_element_located((By.CSS_SELECTOR, ""[data-testid='seat-1-1']""))
    )
    assert ""occupied"" not in seat_1_1.get_attribute(""class""), ""Seat 1-1 should be available""
    time.sleep(1)

@then('the seat with data-testid ""seat-2-4"" should be occupied')
def step_then_seat_2_4_occupied(context):
    seat_2_4 = WebDriverWait(context.driver, 10).until(
        EC.presence_of_element_located((By.CSS_SELECTOR, ""[data-testid='seat-2-4']""))
    )
    assert ""occupied"" in seat_2_4.get_attribute(""class""), ""Seat 2-4 should be occupied""
    time.sleep(1)

@then('the seat with data-testid ""seat-selected"" should be selected')
def step_then_seat_selected(context):
    seat_selected = WebDriverWait(context.driver, 10).until(
        EC.presence_of_element_located((By.CSS_SELECTOR, ""[data-testid='seat-selected']""))
    )
    assert ""selected"" in seat_selected.get_attribute(""class""), ""Seat should be selected""
    time.sleep(1)

def after_scenario(context, scenario):
    context.driver.quit()"
E2ESD_Bench_03,5,2,"
    You are tasked with implementing a complete web application using HTML, JavaScript, and CSS. Your implementation must strictly follow the specifications described below.
    SUMMARY:
    {
    ""overview"": ""The Movie Seat Booking application allows users to select a movie and book seats in a theater. Users can choose from a list of movies, select available seats, and view the total cost of their selections. The application retains user selections using local storage to persist data across sessions."",
    ""predefined_options"": ""The application offers a set of predefined movie options, each associated with a specific ticket price and uniquely identifiable by its corresponding data-testid. The default selection is 'The Big Lebowski' priced at $10 (data-testid='movie-option-1'), followed by 'Fargo' at $12 (data-testid='movie-option-2'), 'O Brother' at $8 (data-testid='movie-option-3'), and 'No Country for Old Men' at $9 (data-testid='movie-option-4'). The theater seating is arranged in 6 rows, with each row containing 8 seats. Every seat is uniquely identifiable via a data-testid in the format seat-row-column. For example, seat-1-1 refers to the first seat in the first row, and seat-2-3 refers to the third seat in the second row. Initially, the following seats are marked as occupied: Row 2: Seat 4 (seat-2-4) and Seat 5 (seat-2-5); Row 3: Seat 7 (seat-3-7) and Seat 8 (seat-3-8); Row 5: Seat 4 (seat-5-4) and Seat 5 (seat-5-5); Row 6: Seat 5 (seat-6-5), Seat 6 (seat-6-6), and Seat 7 (seat-6-7). This configuration ensures that each seat and movie option can be distinctly identified and interacted with, facilitating robust and precise testing."",
    ""external_resources"": ""No external resources such as images or audio files are directly referenced in the provided code."",
    ""external_js_libraries"": ""No external JavaScript libraries are referenced in the provided code.""
}
    ## Functional Requirements
    Implement the following features as described. For each requirement, make sure the HTML structure, JavaScript behavior, and CSS styles match the specifications exactly.
    REQUIREMENTS:
    - Requirement 1: 
Upon loading the webpage, users can interact with the seat map and movie dropdown to dynamically update the total price. Clicking on any available seat (i.e., a seat without the occupied class) marks it as selected, and the selected seat count updates in the element with data-testid=""selected-count"". Users can also select a movie from the dropdown (data-testid=""movie-select""), where each option has a value representing the ticket price. The total price, shown in the element with data-testid=""total-price"", is calculated as the number of selected seats multiplied by the selected movie’s price. Seats marked as occupied must not be selectable and should not affect the count or price. Changing the selected movie at any time updates the total price accordingly.
- Requirement 2: 
Upon interacting with the movie seat booking interface, users can select a movie from a dropdown menu, with options like 'The Big Lebowski ($10)', 'Fargo ($12)', 'O Brother ($8)', and 'No Country for Old Men ($9)', each identified by a specific data-testid. Once a movie is selected, its price updates accordingly. When users click on an available seat (e.g., identified by data-testid=""seat-1-1""), the system toggles the seat's selection status. Selected seats are visually marked, and their indices are stored in localStorage. The seat count (data-testid=""selected-count"") and total price (data-testid=""total-price"") are dynamically updated based on the number of selected seats and the chosen movie's price. Seats marked as 'occupied' cannot be selected or included in the calculation. Users can deselect previously selected seats by clicking on them again, and the UI, along with localStorage, updates accordingly.
- Requirement 3: 
Upon loading the 'Movie Seat Booking' webpage, the system retrieves and applies previously selected seats and the movie selection from local storage. If local storage contains the keys 'selectedSeats' and 'selectedMovieIndex', the system will mark the seats corresponding to the indices in 'selectedSeats' with the 'selected' class. Additionally, the movie dropdown will be set to the option corresponding to 'selectedMovieIndex'. If local storage does not contain these values, no seats will be marked as 'selected', and the dropdown will default to the first movie option, 'The Big Lebowski ($10)'.
- Requirement 4: 
The system must dynamically display the number of selected seats and the total price as the user interacts with seat selections and movie choices. Specifically, when the user selects a movie from the dropdown menu with data-testid 'movie-select', the ticket price should be set according to the selected movie's value. As the user clicks on available seats (those without the 'occupied' class) within the seating area, the system should toggle the 'selected' class on the clicked seat. The count of selected seats, displayed with data-testid 'selected-count', should update to reflect the current number of seats with the 'selected' class. The total price, displayed with data-testid 'total-price', should be calculated as the product of the number of selected seats and the current ticket price. If a user deselects a seat by clicking on it again, the count and total price should decrease accordingly. If the user changes the movie selection after selecting seats, the total price should update based on the new ticket price while maintaining the count of selected seats. The system must prevent users from selecting seats marked as 'occupied'.
- Requirement 5: 
On the Movie Seat Booking page, users can distinguish between available, selected, and occupied seats through legends that indicate the status of each seat. Each status has its own corresponding legend (e.g., data-testid = 'seat-select') to help users understand the different seat states. Occupied seats are non-interactive and clearly marked to prevent selection. Available seats can be clicked to toggle their selection. When users select or deselect seats, the count of selected seats and the total price are updated accordingly.

    
    ## Output Format
    Provide a clean and complete implementation including:
    1. HTML structure (including necessary `data-testid`, `id`, and `class` values).
    2. JavaScript functionality that matches the behavior described.
    3. CSS for styling according to BEM and required class names.
    4. Ensure that the text content in the components is exactly as specified in the requirements.
    Do not include any extra components or libraries not listed above. Keep your code concise, semantic, and standards-compliant.
    ","{'overview': 'The Movie Seat Booking application allows users to select a movie and book seats in a theater. Users can choose from a list of movies, select available seats, and view the total cost of their selections. The application retains user selections using local storage to persist data across sessions.', 'predefined_options': ""The application offers a set of predefined movie options, each associated with a specific ticket price and uniquely identifiable by its corresponding data-testid. The default selection is 'The Big Lebowski' priced at $10 (data-testid='movie-option-1'), followed by 'Fargo' at $12 (data-testid='movie-option-2'), 'O Brother' at $8 (data-testid='movie-option-3'), and 'No Country for Old Men' at $9 (data-testid='movie-option-4'). The theater seating is arranged in 6 rows, with each row containing 8 seats. Every seat is uniquely identifiable via a data-testid in the format seat-row-column. For example, seat-1-1 refers to the first seat in the first row, and seat-2-3 refers to the third seat in the second row. Initially, the following seats are marked as occupied: Row 2: Seat 4 (seat-2-4) and Seat 5 (seat-2-5); Row 3: Seat 7 (seat-3-7) and Seat 8 (seat-3-8); Row 5: Seat 4 (seat-5-4) and Seat 5 (seat-5-5); Row 6: Seat 5 (seat-6-5), Seat 6 (seat-6-6), and Seat 7 (seat-6-7). This configuration ensures that each seat and movie option can be distinctly identified and interacted with, facilitating robust and precise testing."", 'external_resources': 'No external resources such as images or audio files are directly referenced in the provided code.', 'external_js_libraries': 'No external JavaScript libraries are referenced in the provided code.'}","On the Movie Seat Booking page, users can distinguish between available, selected, and occupied seats through legends that indicate the status of each seat. Each status has its own corresponding legend (e.g., data-testid = 'seat-select') to help users understand the different seat states. Occupied seats are non-interactive and clearly marked to prevent selection. Available seats can be clicked to toggle their selection. When users select or deselect seats, the count of selected seats and the total price are updated accordingly.",https://anonymous.4open.science/r/E2EDev/E2EDev_data/E2ESD_Bench_03/,"Feature: Seat Status Visualization and Interaction
  The user can view the status of seats (available, selected, occupied) visually, with occupied seats being non-interactive.


  Scenario: [Normal] User selects an available seat
    Given the Movie Seat Booking page is loaded
    And the seat with data-testid ""seat-1-1"" is available
    When the user clicks on the seat with data-testid ""seat-1-1""
    Then the seat with data-testid ""seat-1-1"" should be marked as selected
    And the selected seat count should be updated to ""1""
    And the total price should reflect the selected movie price times the number of selected seats
","from behave import given, when, then
from selenium import webdriver
from selenium.webdriver.common.by import By
from selenium.webdriver.support.ui import WebDriverWait
from selenium.webdriver.support import expected_conditions as EC
import time

file_path = ""index.html""

@given(""the Movie Seat Booking page is loaded"")
def step_given_page_loaded(context):
    context.driver = webdriver.Chrome()
    context.driver.get(f""file://index.html"")
    time.sleep(1)

@given('the seat with data-testid ""seat-1-1"" is available')
def step_given_seat_available(context):
    seat = WebDriverWait(context.driver, 10).until(
        EC.presence_of_element_located((By.CSS_SELECTOR, ""[data-testid='seat-1-1']""))
    )
    assert not seat.get_attribute(""class"").split().__contains__(""occupied""), ""Seat is occupied""
    time.sleep(1)

@when('the user clicks on the seat with data-testid ""seat-1-1""')
def step_when_user_clicks_seat(context):
    seat = WebDriverWait(context.driver, 10).until(
        EC.element_to_be_clickable((By.CSS_SELECTOR, ""[data-testid='seat-1-1']""))
    )
    seat.click()
    time.sleep(1)

@then('the seat with data-testid ""seat-1-1"" should be marked as selected')
def step_then_seat_marked_selected(context):
    seat = WebDriverWait(context.driver, 10).until(
        EC.presence_of_element_located((By.CSS_SELECTOR, ""[data-testid='seat-1-1']""))
    )
    assert ""selected"" in seat.get_attribute(""class"").split(), ""Seat is not marked as selected""
    time.sleep(1)

@then('the selected seat count should be updated to ""1""')
def step_then_selected_seat_count_updated(context):
    count_element = WebDriverWait(context.driver, 10).until(
        EC.presence_of_element_located((By.CSS_SELECTOR, ""[data-testid='selected-count']""))
    )
    assert count_element.text.strip() == ""1"", f""Expected seat count to be '1', but got '{count_element.text.strip()}'""
    time.sleep(1)

@then('the total price should reflect the selected movie price times the number of selected seats')
def step_then_total_price_updated(context):
    total_element = WebDriverWait(context.driver, 10).until(
        EC.presence_of_element_located((By.CSS_SELECTOR, ""[data-testid='total-price']""))
    )
    movie_select = context.driver.find_element(By.CSS_SELECTOR, ""[data-testid='movie-select']"")
    ticket_price = int(movie_select.get_attribute(""value""))
    expected_total_price = ticket_price * 1
    assert total_element.text.strip() == str(expected_total_price), f""Expected total price to be '{expected_total_price}', but got '{total_element.text.strip()}'""
    time.sleep(1)

def after_scenario(context, scenario):
    context.driver.quit()"
E2ESD_Bench_03,5,3,"
    You are tasked with implementing a complete web application using HTML, JavaScript, and CSS. Your implementation must strictly follow the specifications described below.
    SUMMARY:
    {
    ""overview"": ""The Movie Seat Booking application allows users to select a movie and book seats in a theater. Users can choose from a list of movies, select available seats, and view the total cost of their selections. The application retains user selections using local storage to persist data across sessions."",
    ""predefined_options"": ""The application offers a set of predefined movie options, each associated with a specific ticket price and uniquely identifiable by its corresponding data-testid. The default selection is 'The Big Lebowski' priced at $10 (data-testid='movie-option-1'), followed by 'Fargo' at $12 (data-testid='movie-option-2'), 'O Brother' at $8 (data-testid='movie-option-3'), and 'No Country for Old Men' at $9 (data-testid='movie-option-4'). The theater seating is arranged in 6 rows, with each row containing 8 seats. Every seat is uniquely identifiable via a data-testid in the format seat-row-column. For example, seat-1-1 refers to the first seat in the first row, and seat-2-3 refers to the third seat in the second row. Initially, the following seats are marked as occupied: Row 2: Seat 4 (seat-2-4) and Seat 5 (seat-2-5); Row 3: Seat 7 (seat-3-7) and Seat 8 (seat-3-8); Row 5: Seat 4 (seat-5-4) and Seat 5 (seat-5-5); Row 6: Seat 5 (seat-6-5), Seat 6 (seat-6-6), and Seat 7 (seat-6-7). This configuration ensures that each seat and movie option can be distinctly identified and interacted with, facilitating robust and precise testing."",
    ""external_resources"": ""No external resources such as images or audio files are directly referenced in the provided code."",
    ""external_js_libraries"": ""No external JavaScript libraries are referenced in the provided code.""
}
    ## Functional Requirements
    Implement the following features as described. For each requirement, make sure the HTML structure, JavaScript behavior, and CSS styles match the specifications exactly.
    REQUIREMENTS:
    - Requirement 1: 
Upon loading the webpage, users can interact with the seat map and movie dropdown to dynamically update the total price. Clicking on any available seat (i.e., a seat without the occupied class) marks it as selected, and the selected seat count updates in the element with data-testid=""selected-count"". Users can also select a movie from the dropdown (data-testid=""movie-select""), where each option has a value representing the ticket price. The total price, shown in the element with data-testid=""total-price"", is calculated as the number of selected seats multiplied by the selected movie’s price. Seats marked as occupied must not be selectable and should not affect the count or price. Changing the selected movie at any time updates the total price accordingly.
- Requirement 2: 
Upon interacting with the movie seat booking interface, users can select a movie from a dropdown menu, with options like 'The Big Lebowski ($10)', 'Fargo ($12)', 'O Brother ($8)', and 'No Country for Old Men ($9)', each identified by a specific data-testid. Once a movie is selected, its price updates accordingly. When users click on an available seat (e.g., identified by data-testid=""seat-1-1""), the system toggles the seat's selection status. Selected seats are visually marked, and their indices are stored in localStorage. The seat count (data-testid=""selected-count"") and total price (data-testid=""total-price"") are dynamically updated based on the number of selected seats and the chosen movie's price. Seats marked as 'occupied' cannot be selected or included in the calculation. Users can deselect previously selected seats by clicking on them again, and the UI, along with localStorage, updates accordingly.
- Requirement 3: 
Upon loading the 'Movie Seat Booking' webpage, the system retrieves and applies previously selected seats and the movie selection from local storage. If local storage contains the keys 'selectedSeats' and 'selectedMovieIndex', the system will mark the seats corresponding to the indices in 'selectedSeats' with the 'selected' class. Additionally, the movie dropdown will be set to the option corresponding to 'selectedMovieIndex'. If local storage does not contain these values, no seats will be marked as 'selected', and the dropdown will default to the first movie option, 'The Big Lebowski ($10)'.
- Requirement 4: 
The system must dynamically display the number of selected seats and the total price as the user interacts with seat selections and movie choices. Specifically, when the user selects a movie from the dropdown menu with data-testid 'movie-select', the ticket price should be set according to the selected movie's value. As the user clicks on available seats (those without the 'occupied' class) within the seating area, the system should toggle the 'selected' class on the clicked seat. The count of selected seats, displayed with data-testid 'selected-count', should update to reflect the current number of seats with the 'selected' class. The total price, displayed with data-testid 'total-price', should be calculated as the product of the number of selected seats and the current ticket price. If a user deselects a seat by clicking on it again, the count and total price should decrease accordingly. If the user changes the movie selection after selecting seats, the total price should update based on the new ticket price while maintaining the count of selected seats. The system must prevent users from selecting seats marked as 'occupied'.
- Requirement 5: 
On the Movie Seat Booking page, users can distinguish between available, selected, and occupied seats through legends that indicate the status of each seat. Each status has its own corresponding legend (e.g., data-testid = 'seat-select') to help users understand the different seat states. Occupied seats are non-interactive and clearly marked to prevent selection. Available seats can be clicked to toggle their selection. When users select or deselect seats, the count of selected seats and the total price are updated accordingly.

    
    ## Output Format
    Provide a clean and complete implementation including:
    1. HTML structure (including necessary `data-testid`, `id`, and `class` values).
    2. JavaScript functionality that matches the behavior described.
    3. CSS for styling according to BEM and required class names.
    4. Ensure that the text content in the components is exactly as specified in the requirements.
    Do not include any extra components or libraries not listed above. Keep your code concise, semantic, and standards-compliant.
    ","{'overview': 'The Movie Seat Booking application allows users to select a movie and book seats in a theater. Users can choose from a list of movies, select available seats, and view the total cost of their selections. The application retains user selections using local storage to persist data across sessions.', 'predefined_options': ""The application offers a set of predefined movie options, each associated with a specific ticket price and uniquely identifiable by its corresponding data-testid. The default selection is 'The Big Lebowski' priced at $10 (data-testid='movie-option-1'), followed by 'Fargo' at $12 (data-testid='movie-option-2'), 'O Brother' at $8 (data-testid='movie-option-3'), and 'No Country for Old Men' at $9 (data-testid='movie-option-4'). The theater seating is arranged in 6 rows, with each row containing 8 seats. Every seat is uniquely identifiable via a data-testid in the format seat-row-column. For example, seat-1-1 refers to the first seat in the first row, and seat-2-3 refers to the third seat in the second row. Initially, the following seats are marked as occupied: Row 2: Seat 4 (seat-2-4) and Seat 5 (seat-2-5); Row 3: Seat 7 (seat-3-7) and Seat 8 (seat-3-8); Row 5: Seat 4 (seat-5-4) and Seat 5 (seat-5-5); Row 6: Seat 5 (seat-6-5), Seat 6 (seat-6-6), and Seat 7 (seat-6-7). This configuration ensures that each seat and movie option can be distinctly identified and interacted with, facilitating robust and precise testing."", 'external_resources': 'No external resources such as images or audio files are directly referenced in the provided code.', 'external_js_libraries': 'No external JavaScript libraries are referenced in the provided code.'}","On the Movie Seat Booking page, users can distinguish between available, selected, and occupied seats through legends that indicate the status of each seat. Each status has its own corresponding legend (e.g., data-testid = 'seat-select') to help users understand the different seat states. Occupied seats are non-interactive and clearly marked to prevent selection. Available seats can be clicked to toggle their selection. When users select or deselect seats, the count of selected seats and the total price are updated accordingly.",https://anonymous.4open.science/r/E2EDev/E2EDev_data/E2ESD_Bench_03/,"Feature: Seat Status Visualization and Interaction
  The user can view the status of seats (available, selected, occupied) visually, with occupied seats being non-interactive.


  Scenario: [Edge] User attempts to select an occupied seat
    Given the Movie Seat Booking page is loaded
    And the seat with data-testid ""seat-2-4"" is occupied
    When the user clicks on the seat with data-testid ""seat-2-4""
    Then the seat with data-testid ""seat-2-4"" should remain occupied
    And the selected seat count should remain ""0""
    And the total price should remain ""$0""
","from behave import given, when, then
from selenium import webdriver
from selenium.webdriver.common.by import By
from selenium.webdriver.support.ui import WebDriverWait
from selenium.webdriver.support import expected_conditions as EC
import time

file_path = ""index.html""

@given('the Movie Seat Booking page is loaded')
def step_given_page_is_loaded(context):
    context.driver = webdriver.Chrome()
    context.driver.get(f""file://index.html"")
    time.sleep(1)  # Allow time for the page to load

@given('the seat with data-testid ""seat-2-4"" is occupied')
def step_given_seat_is_occupied(context):
    seat = context.driver.find_element(By.CSS_SELECTOR, ""[data-testid='seat-2-4']"")
    assert ""occupied"" in seat.get_attribute(""class""), ""Seat is not occupied""

@when('the user clicks on the seat with data-testid ""seat-2-4""')
def step_when_user_clicks_occupied_seat(context):
    seat = context.driver.find_element(By.CSS_SELECTOR, ""[data-testid='seat-2-4']"")
    seat.click()
    time.sleep(1)  # Allow time for any potential UI updates

@then('the seat with data-testid ""seat-2-4"" should remain occupied')
def step_then_seat_remains_occupied(context):
    seat = context.driver.find_element(By.CSS_SELECTOR, ""[data-testid='seat-2-4']"")
    assert ""occupied"" in seat.get_attribute(""class""), ""Seat is not occupied""

@then('the selected seat count should remain ""0""')
def step_then_selected_seat_count_remains_zero(context):
    selected_count = context.driver.find_element(By.CSS_SELECTOR, ""[data-testid='selected-count']"")
    assert selected_count.text == ""0"", f""Expected selected seat count to be '0', but got '{selected_count.text}'""

@then('the total price should remain ""$0""')
def step_then_total_price_remains_zero(context):
    total_price = context.driver.find_element(By.CSS_SELECTOR, ""[data-testid='total-price']"")
    assert total_price.text == ""0"", f""Expected total price to be '$0', but got '${total_price.text}'""

def after_scenario(context, scenario):
    context.driver.quit()"
E2ESD_Bench_03,5,4,"
    You are tasked with implementing a complete web application using HTML, JavaScript, and CSS. Your implementation must strictly follow the specifications described below.
    SUMMARY:
    {
    ""overview"": ""The Movie Seat Booking application allows users to select a movie and book seats in a theater. Users can choose from a list of movies, select available seats, and view the total cost of their selections. The application retains user selections using local storage to persist data across sessions."",
    ""predefined_options"": ""The application offers a set of predefined movie options, each associated with a specific ticket price and uniquely identifiable by its corresponding data-testid. The default selection is 'The Big Lebowski' priced at $10 (data-testid='movie-option-1'), followed by 'Fargo' at $12 (data-testid='movie-option-2'), 'O Brother' at $8 (data-testid='movie-option-3'), and 'No Country for Old Men' at $9 (data-testid='movie-option-4'). The theater seating is arranged in 6 rows, with each row containing 8 seats. Every seat is uniquely identifiable via a data-testid in the format seat-row-column. For example, seat-1-1 refers to the first seat in the first row, and seat-2-3 refers to the third seat in the second row. Initially, the following seats are marked as occupied: Row 2: Seat 4 (seat-2-4) and Seat 5 (seat-2-5); Row 3: Seat 7 (seat-3-7) and Seat 8 (seat-3-8); Row 5: Seat 4 (seat-5-4) and Seat 5 (seat-5-5); Row 6: Seat 5 (seat-6-5), Seat 6 (seat-6-6), and Seat 7 (seat-6-7). This configuration ensures that each seat and movie option can be distinctly identified and interacted with, facilitating robust and precise testing."",
    ""external_resources"": ""No external resources such as images or audio files are directly referenced in the provided code."",
    ""external_js_libraries"": ""No external JavaScript libraries are referenced in the provided code.""
}
    ## Functional Requirements
    Implement the following features as described. For each requirement, make sure the HTML structure, JavaScript behavior, and CSS styles match the specifications exactly.
    REQUIREMENTS:
    - Requirement 1: 
Upon loading the webpage, users can interact with the seat map and movie dropdown to dynamically update the total price. Clicking on any available seat (i.e., a seat without the occupied class) marks it as selected, and the selected seat count updates in the element with data-testid=""selected-count"". Users can also select a movie from the dropdown (data-testid=""movie-select""), where each option has a value representing the ticket price. The total price, shown in the element with data-testid=""total-price"", is calculated as the number of selected seats multiplied by the selected movie’s price. Seats marked as occupied must not be selectable and should not affect the count or price. Changing the selected movie at any time updates the total price accordingly.
- Requirement 2: 
Upon interacting with the movie seat booking interface, users can select a movie from a dropdown menu, with options like 'The Big Lebowski ($10)', 'Fargo ($12)', 'O Brother ($8)', and 'No Country for Old Men ($9)', each identified by a specific data-testid. Once a movie is selected, its price updates accordingly. When users click on an available seat (e.g., identified by data-testid=""seat-1-1""), the system toggles the seat's selection status. Selected seats are visually marked, and their indices are stored in localStorage. The seat count (data-testid=""selected-count"") and total price (data-testid=""total-price"") are dynamically updated based on the number of selected seats and the chosen movie's price. Seats marked as 'occupied' cannot be selected or included in the calculation. Users can deselect previously selected seats by clicking on them again, and the UI, along with localStorage, updates accordingly.
- Requirement 3: 
Upon loading the 'Movie Seat Booking' webpage, the system retrieves and applies previously selected seats and the movie selection from local storage. If local storage contains the keys 'selectedSeats' and 'selectedMovieIndex', the system will mark the seats corresponding to the indices in 'selectedSeats' with the 'selected' class. Additionally, the movie dropdown will be set to the option corresponding to 'selectedMovieIndex'. If local storage does not contain these values, no seats will be marked as 'selected', and the dropdown will default to the first movie option, 'The Big Lebowski ($10)'.
- Requirement 4: 
The system must dynamically display the number of selected seats and the total price as the user interacts with seat selections and movie choices. Specifically, when the user selects a movie from the dropdown menu with data-testid 'movie-select', the ticket price should be set according to the selected movie's value. As the user clicks on available seats (those without the 'occupied' class) within the seating area, the system should toggle the 'selected' class on the clicked seat. The count of selected seats, displayed with data-testid 'selected-count', should update to reflect the current number of seats with the 'selected' class. The total price, displayed with data-testid 'total-price', should be calculated as the product of the number of selected seats and the current ticket price. If a user deselects a seat by clicking on it again, the count and total price should decrease accordingly. If the user changes the movie selection after selecting seats, the total price should update based on the new ticket price while maintaining the count of selected seats. The system must prevent users from selecting seats marked as 'occupied'.
- Requirement 5: 
On the Movie Seat Booking page, users can distinguish between available, selected, and occupied seats through legends that indicate the status of each seat. Each status has its own corresponding legend (e.g., data-testid = 'seat-select') to help users understand the different seat states. Occupied seats are non-interactive and clearly marked to prevent selection. Available seats can be clicked to toggle their selection. When users select or deselect seats, the count of selected seats and the total price are updated accordingly.

    
    ## Output Format
    Provide a clean and complete implementation including:
    1. HTML structure (including necessary `data-testid`, `id`, and `class` values).
    2. JavaScript functionality that matches the behavior described.
    3. CSS for styling according to BEM and required class names.
    4. Ensure that the text content in the components is exactly as specified in the requirements.
    Do not include any extra components or libraries not listed above. Keep your code concise, semantic, and standards-compliant.
    ","{'overview': 'The Movie Seat Booking application allows users to select a movie and book seats in a theater. Users can choose from a list of movies, select available seats, and view the total cost of their selections. The application retains user selections using local storage to persist data across sessions.', 'predefined_options': ""The application offers a set of predefined movie options, each associated with a specific ticket price and uniquely identifiable by its corresponding data-testid. The default selection is 'The Big Lebowski' priced at $10 (data-testid='movie-option-1'), followed by 'Fargo' at $12 (data-testid='movie-option-2'), 'O Brother' at $8 (data-testid='movie-option-3'), and 'No Country for Old Men' at $9 (data-testid='movie-option-4'). The theater seating is arranged in 6 rows, with each row containing 8 seats. Every seat is uniquely identifiable via a data-testid in the format seat-row-column. For example, seat-1-1 refers to the first seat in the first row, and seat-2-3 refers to the third seat in the second row. Initially, the following seats are marked as occupied: Row 2: Seat 4 (seat-2-4) and Seat 5 (seat-2-5); Row 3: Seat 7 (seat-3-7) and Seat 8 (seat-3-8); Row 5: Seat 4 (seat-5-4) and Seat 5 (seat-5-5); Row 6: Seat 5 (seat-6-5), Seat 6 (seat-6-6), and Seat 7 (seat-6-7). This configuration ensures that each seat and movie option can be distinctly identified and interacted with, facilitating robust and precise testing."", 'external_resources': 'No external resources such as images or audio files are directly referenced in the provided code.', 'external_js_libraries': 'No external JavaScript libraries are referenced in the provided code.'}","On the Movie Seat Booking page, users can distinguish between available, selected, and occupied seats through legends that indicate the status of each seat. Each status has its own corresponding legend (e.g., data-testid = 'seat-select') to help users understand the different seat states. Occupied seats are non-interactive and clearly marked to prevent selection. Available seats can be clicked to toggle their selection. When users select or deselect seats, the count of selected seats and the total price are updated accordingly.",https://anonymous.4open.science/r/E2EDev/E2EDev_data/E2ESD_Bench_03/,"Feature: Seat Status Visualization and Interaction
  The user can view the status of seats (available, selected, occupied) visually, with occupied seats being non-interactive.


  Scenario: [Edge] User toggles selection of a seat
    Given the Movie Seat Booking page is loaded
    And the seat with data-testid ""seat-1-1"" is available
    When the user clicks on the seat with data-testid ""seat-1-1""
    And the user clicks again on the seat with data-testid ""seat-1-1""
    Then the seat with data-testid ""seat-1-1"" should be marked as available
    And the selected seat count should be updated to ""0""
    And the total price should be ""$0""
","from behave import given, when, then
from selenium import webdriver
from selenium.webdriver.common.by import By
from selenium.webdriver.support.ui import WebDriverWait
from selenium.webdriver.support import expected_conditions as EC
import time

file_path = ""index.html""

@given('the Movie Seat Booking page is loaded')
def step_given_page_loaded(context):
    context.driver = webdriver.Chrome()
    context.driver.get(f""file://index.html"")
    time.sleep(1)  # Allow page to load

@given('the seat with data-testid ""seat-1-1"" is available')
def step_given_seat_available(context):
    seat = WebDriverWait(context.driver, 10).until(
        EC.presence_of_element_located((By.CSS_SELECTOR, ""[data-testid='seat-1-1']""))
    )
    assert not seat.get_attribute(""class"").split().__contains__(""occupied""), ""Seat is occupied""

@when('the user clicks on the seat with data-testid ""seat-1-1""')
def step_when_user_clicks_seat(context):
    seat = WebDriverWait(context.driver, 10).until(
        EC.element_to_be_clickable((By.CSS_SELECTOR, ""[data-testid='seat-1-1']""))
    )
    seat.click()
    time.sleep(1)  # Allow interaction to complete

@when('the user clicks again on the seat with data-testid ""seat-1-1""')
def step_when_user_clicks_seat_again(context):
    seat = WebDriverWait(context.driver, 10).until(
        EC.element_to_be_clickable((By.CSS_SELECTOR, ""[data-testid='seat-1-1']""))
    )
    seat.click()
    time.sleep(1)  # Allow interaction to complete

@then('the seat with data-testid ""seat-1-1"" should be marked as available')
def step_then_seat_marked_available(context):
    seat = WebDriverWait(context.driver, 10).until(
        EC.presence_of_element_located((By.CSS_SELECTOR, ""[data-testid='seat-1-1']""))
    )
    assert not seat.get_attribute(""class"").split().__contains__(""selected""), ""Seat is still selected""

@then('the selected seat count should be updated to ""0""')
def step_then_selected_seat_count_updated(context):
    count_element = WebDriverWait(context.driver, 10).until(
        EC.presence_of_element_located((By.CSS_SELECTOR, ""[data-testid='selected-count']""))
    )
    assert count_element.text.strip() == ""0"", f""Expected seat count '0', but got '{count_element.text.strip()}'""

@then('the total price should be ""$0""')
def step_then_total_price_updated(context):
    total_element = WebDriverWait(context.driver, 10).until(
        EC.presence_of_element_located((By.CSS_SELECTOR, ""[data-testid='total-price']""))
    )
    assert total_element.text.strip() == ""0"", f""Expected total price '$0', but got '${total_element.text.strip()}'""

def after_scenario(context, scenario):
    context.driver.quit()"
E2ESD_Bench_03,5,5,"
    You are tasked with implementing a complete web application using HTML, JavaScript, and CSS. Your implementation must strictly follow the specifications described below.
    SUMMARY:
    {
    ""overview"": ""The Movie Seat Booking application allows users to select a movie and book seats in a theater. Users can choose from a list of movies, select available seats, and view the total cost of their selections. The application retains user selections using local storage to persist data across sessions."",
    ""predefined_options"": ""The application offers a set of predefined movie options, each associated with a specific ticket price and uniquely identifiable by its corresponding data-testid. The default selection is 'The Big Lebowski' priced at $10 (data-testid='movie-option-1'), followed by 'Fargo' at $12 (data-testid='movie-option-2'), 'O Brother' at $8 (data-testid='movie-option-3'), and 'No Country for Old Men' at $9 (data-testid='movie-option-4'). The theater seating is arranged in 6 rows, with each row containing 8 seats. Every seat is uniquely identifiable via a data-testid in the format seat-row-column. For example, seat-1-1 refers to the first seat in the first row, and seat-2-3 refers to the third seat in the second row. Initially, the following seats are marked as occupied: Row 2: Seat 4 (seat-2-4) and Seat 5 (seat-2-5); Row 3: Seat 7 (seat-3-7) and Seat 8 (seat-3-8); Row 5: Seat 4 (seat-5-4) and Seat 5 (seat-5-5); Row 6: Seat 5 (seat-6-5), Seat 6 (seat-6-6), and Seat 7 (seat-6-7). This configuration ensures that each seat and movie option can be distinctly identified and interacted with, facilitating robust and precise testing."",
    ""external_resources"": ""No external resources such as images or audio files are directly referenced in the provided code."",
    ""external_js_libraries"": ""No external JavaScript libraries are referenced in the provided code.""
}
    ## Functional Requirements
    Implement the following features as described. For each requirement, make sure the HTML structure, JavaScript behavior, and CSS styles match the specifications exactly.
    REQUIREMENTS:
    - Requirement 1: 
Upon loading the webpage, users can interact with the seat map and movie dropdown to dynamically update the total price. Clicking on any available seat (i.e., a seat without the occupied class) marks it as selected, and the selected seat count updates in the element with data-testid=""selected-count"". Users can also select a movie from the dropdown (data-testid=""movie-select""), where each option has a value representing the ticket price. The total price, shown in the element with data-testid=""total-price"", is calculated as the number of selected seats multiplied by the selected movie’s price. Seats marked as occupied must not be selectable and should not affect the count or price. Changing the selected movie at any time updates the total price accordingly.
- Requirement 2: 
Upon interacting with the movie seat booking interface, users can select a movie from a dropdown menu, with options like 'The Big Lebowski ($10)', 'Fargo ($12)', 'O Brother ($8)', and 'No Country for Old Men ($9)', each identified by a specific data-testid. Once a movie is selected, its price updates accordingly. When users click on an available seat (e.g., identified by data-testid=""seat-1-1""), the system toggles the seat's selection status. Selected seats are visually marked, and their indices are stored in localStorage. The seat count (data-testid=""selected-count"") and total price (data-testid=""total-price"") are dynamically updated based on the number of selected seats and the chosen movie's price. Seats marked as 'occupied' cannot be selected or included in the calculation. Users can deselect previously selected seats by clicking on them again, and the UI, along with localStorage, updates accordingly.
- Requirement 3: 
Upon loading the 'Movie Seat Booking' webpage, the system retrieves and applies previously selected seats and the movie selection from local storage. If local storage contains the keys 'selectedSeats' and 'selectedMovieIndex', the system will mark the seats corresponding to the indices in 'selectedSeats' with the 'selected' class. Additionally, the movie dropdown will be set to the option corresponding to 'selectedMovieIndex'. If local storage does not contain these values, no seats will be marked as 'selected', and the dropdown will default to the first movie option, 'The Big Lebowski ($10)'.
- Requirement 4: 
The system must dynamically display the number of selected seats and the total price as the user interacts with seat selections and movie choices. Specifically, when the user selects a movie from the dropdown menu with data-testid 'movie-select', the ticket price should be set according to the selected movie's value. As the user clicks on available seats (those without the 'occupied' class) within the seating area, the system should toggle the 'selected' class on the clicked seat. The count of selected seats, displayed with data-testid 'selected-count', should update to reflect the current number of seats with the 'selected' class. The total price, displayed with data-testid 'total-price', should be calculated as the product of the number of selected seats and the current ticket price. If a user deselects a seat by clicking on it again, the count and total price should decrease accordingly. If the user changes the movie selection after selecting seats, the total price should update based on the new ticket price while maintaining the count of selected seats. The system must prevent users from selecting seats marked as 'occupied'.
- Requirement 5: 
On the Movie Seat Booking page, users can distinguish between available, selected, and occupied seats through legends that indicate the status of each seat. Each status has its own corresponding legend (e.g., data-testid = 'seat-select') to help users understand the different seat states. Occupied seats are non-interactive and clearly marked to prevent selection. Available seats can be clicked to toggle their selection. When users select or deselect seats, the count of selected seats and the total price are updated accordingly.

    
    ## Output Format
    Provide a clean and complete implementation including:
    1. HTML structure (including necessary `data-testid`, `id`, and `class` values).
    2. JavaScript functionality that matches the behavior described.
    3. CSS for styling according to BEM and required class names.
    4. Ensure that the text content in the components is exactly as specified in the requirements.
    Do not include any extra components or libraries not listed above. Keep your code concise, semantic, and standards-compliant.
    ","{'overview': 'The Movie Seat Booking application allows users to select a movie and book seats in a theater. Users can choose from a list of movies, select available seats, and view the total cost of their selections. The application retains user selections using local storage to persist data across sessions.', 'predefined_options': ""The application offers a set of predefined movie options, each associated with a specific ticket price and uniquely identifiable by its corresponding data-testid. The default selection is 'The Big Lebowski' priced at $10 (data-testid='movie-option-1'), followed by 'Fargo' at $12 (data-testid='movie-option-2'), 'O Brother' at $8 (data-testid='movie-option-3'), and 'No Country for Old Men' at $9 (data-testid='movie-option-4'). The theater seating is arranged in 6 rows, with each row containing 8 seats. Every seat is uniquely identifiable via a data-testid in the format seat-row-column. For example, seat-1-1 refers to the first seat in the first row, and seat-2-3 refers to the third seat in the second row. Initially, the following seats are marked as occupied: Row 2: Seat 4 (seat-2-4) and Seat 5 (seat-2-5); Row 3: Seat 7 (seat-3-7) and Seat 8 (seat-3-8); Row 5: Seat 4 (seat-5-4) and Seat 5 (seat-5-5); Row 6: Seat 5 (seat-6-5), Seat 6 (seat-6-6), and Seat 7 (seat-6-7). This configuration ensures that each seat and movie option can be distinctly identified and interacted with, facilitating robust and precise testing."", 'external_resources': 'No external resources such as images or audio files are directly referenced in the provided code.', 'external_js_libraries': 'No external JavaScript libraries are referenced in the provided code.'}","On the Movie Seat Booking page, users can distinguish between available, selected, and occupied seats through legends that indicate the status of each seat. Each status has its own corresponding legend (e.g., data-testid = 'seat-select') to help users understand the different seat states. Occupied seats are non-interactive and clearly marked to prevent selection. Available seats can be clicked to toggle their selection. When users select or deselect seats, the count of selected seats and the total price are updated accordingly.",https://anonymous.4open.science/r/E2EDev/E2EDev_data/E2ESD_Bench_03/,"Feature: Seat Status Visualization and Interaction
  The user can view the status of seats (available, selected, occupied) visually, with occupied seats being non-interactive.


  Scenario: [Error] User selects a seat and refreshes the page
    Given the Movie Seat Booking page is loaded
    And the seat with data-testid ""seat-1-1"" is available
    When the user clicks on the seat with data-testid ""seat-1-1""
    And the user refreshes the page
    Then the seat with data-testid ""seat-1-1"" should be marked as selected
    And the selected seat count should be ""1""
    And the total price should reflect the selected movie price times the number of selected seats","from behave import given, when, then
from selenium import webdriver
from selenium.webdriver.common.by import By
from selenium.webdriver.support.ui import WebDriverWait
from selenium.webdriver.support import expected_conditions as EC
import time

file_path = ""index.html""

def is_selected(element):
    return ""selected"" in element.get_attribute(""class"").split()

@given('the Movie Seat Booking page is loaded')
def step_given_movie_seat_booking_page_loaded(context):
    context.driver = webdriver.Chrome()
    context.driver.get(f""file://index.html"")
    time.sleep(1)

@given('the seat with data-testid ""seat-1-1"" is available')
def step_given_seat_1_1_is_available(context):
    seat = WebDriverWait(context.driver, 10).until(
        EC.presence_of_element_located((By.CSS_SELECTOR, ""[data-testid='seat-1-1']""))
    )
    assert not seat.get_attribute(""class"").split().__contains__(""occupied""), ""Seat is occupied""
    time.sleep(1)

@when('the user clicks on the seat with data-testid ""seat-1-1""')
def step_when_user_clicks_seat_1_1(context):
    seat = WebDriverWait(context.driver, 10).until(
        EC.element_to_be_clickable((By.CSS_SELECTOR, ""[data-testid='seat-1-1']""))
    )
    seat.click()
    time.sleep(1)

@when('the user refreshes the page')
def step_when_user_refreshes_page(context):
    context.driver.refresh()
    time.sleep(1)

@then('the seat with data-testid ""seat-1-1"" should be marked as selected')
def step_then_seat_1_1_should_be_selected(context):
    seat = WebDriverWait(context.driver, 10).until(
        EC.presence_of_element_located((By.CSS_SELECTOR, ""[data-testid='seat-1-1']""))
    )
    assert is_selected(seat), ""Seat is not marked as selected""
    time.sleep(1)

@then('the selected seat count should be ""1""')
def step_then_selected_seat_count_should_be_1(context):
    count_element = WebDriverWait(context.driver, 10).until(
        EC.presence_of_element_located((By.CSS_SELECTOR, ""[data-testid='selected-count']""))
    )
    assert count_element.text.strip() == ""1"", f""Expected seat count to be '1', but got '{count_element.text.strip()}'""
    time.sleep(1)

@then('the total price should reflect the selected movie price times the number of selected seats')
def step_then_total_price_should_reflect_selected_movie_price(context):
    total_element = WebDriverWait(context.driver, 10).until(
        EC.presence_of_element_located((By.CSS_SELECTOR, ""[data-testid='total-price']""))
    )
    movie_select = context.driver.find_element(By.CSS_SELECTOR, ""[data-testid='movie-select']"")
    ticket_price = int(movie_select.find_element(By.CSS_SELECTOR, ""option:checked"").get_attribute(""value""))
    expected_total_price = ticket_price * 1  # 1 seat selected
    assert int(total_element.text.strip()) == expected_total_price, f""Expected total price to be '{expected_total_price}', but got '{total_element.text.strip()}'""
    time.sleep(1)

def after_scenario(context, scenario):
    context.driver.quit()"
