id,req_id,test_id,prompt,requirement_summary,fine_grained_reqs,reference_answer,excutable_test_test_case,excutable_test_step_code
E2ESD_Bench_05,2,1,"
    You are tasked with implementing a complete web application using HTML, JavaScript, and CSS. Your implementation must strictly follow the specifications described below.
    SUMMARY:
    {
    ""overview"": ""The application is a web-based dictionary that allows users to search for word definitions, pronunciations, and examples. It also provides a daily quote, manages bookmarks for frequently accessed words, and maintains a history of recent searches."",
    ""predefined_options"": ""The application uses predefined options such as default values for input fields and preset selections for bookmarks and recent searches."",
    ""external_resources"": ""The application uses external resources such as quotes from 'https://type.fit/api/quotes' and 'http://api.quotable.io/random', and word data from 'https://api.dictionaryapi.dev/api/v2/entries/en/'."",
    ""external_js_libraries"": ""The application uses external JavaScript libraries such as jQuery (https://ajax.googleapis.com/ajax/libs/jquery/2.2.4/jquery.min.js), Bootstrap (https://cdn.jsdelivr.net/npm/bootstrap@5.1.3/dist/js/bootstrap.bundle.min.js), and Modernizr (https://cdnjs.cloudflare.com/ajax/libs/modernizr/2.8.3/modernizr.js).""
}
    ## Functional Requirements
    Implement the following features as described. For each requirement, make sure the HTML structure, JavaScript behavior, and CSS styles match the specifications exactly.
    REQUIREMENTS:
    - Requirement 1: 
The system must allow users to interact with the search functionality on the 'Dictionary' webpage. When the search input field, identified by data-testid 'search-input', is empty and the user clicks the 'Search' button (data-testid 'search-button'), a toast notification with data-testid 'error-toast' should be displayed, containing the message ""ERROR: Please type the word to be searched..."". If the search input contains a valid word, the error toast should not be shown, ensuring the user is only prompted when necessary.
- Requirement 2: 
The web application must allow users to search for word details. When a user enters a word in the search input field (data-testid 'search-input') and clicks the 'Search' button (data-testid 'search-button'), the system should fetch the word's definition, pronunciation, and example from the dictionary API. A result card (data-testid 'result-card') should then be displayed with the searched word as the title (data-testid 'card-title'), its pronunciation (data-testid 'word-pronunciation'), meaning (data-testid 'word-meaning'), and an example sentence (data-testid 'word-example'). 
- Requirement 3: 
The system must provide a 'Reset' button on the Dictionary page that clears the search input field and hides the result card. When the user clicks the 'Reset' button (data-testid 'reset-button'), the search input field (data-testid 'search-input') should be cleared, and the result card (data-testid 'result-card') should be hidden. This functionality should work whether the search input field is empty or contains text, and regardless of whether a search has been performed. The system should ensure that the result card remains hidden after the reset, providing a consistent user experience.
- Requirement 4: 
The web application must allow users to toggle the bookmark status of a word's result card and update the list of bookmarked words in the offcanvas section. When the user clicks the 'Bookmark' icon (data-testid 'bookmark-icon') on a word's result card (data-testid 'result-card'), the system should update the icon to reflect the current bookmark status. If the word is bookmarked, it should be added to the list of bookmarked words displayed in the offcanvas section (data-testid 'bookmarked-words-list'). The user can view this list by clicking the 'Bookmarks' button (data-testid 'bookmark-button'), which opens the offcanvas section. The system must ensure that the list accurately reflects the bookmarked words, allowing users to add and remove words from the bookmark list by toggling the bookmark icon.
- Requirement 5: 
The system should maintain a list of the five most recent searched words and display them in the 'Recent Searches' section (data-testid 'recently-searched'). Each time the user performs a search by entering a word in the search input field (data-testid 'search-input') and clicking the 'Search' button (data-testid 'search-button'), the system should update the list. If the list exceeds five entries, the oldest search should be removed to make room for the new one. 
- Requirement 6: 
The web application must display a 'Back to Top' button (data-testid 'back-to-top-button') when the user scrolls more than 20 pixels down. Clicking the button should smoothly scroll the page to the top, and the button should hide once the page is at the top.
- Requirement 7: 
The system must allow users to manage bookmarked words in the offcanvas section. When the user clicks the 'Bookmarks' button (data-testid=""bookmark-button""), the offcanvas opens, displaying the bookmarked words list (data-testid=""bookmarked-words-list""). Each word has a close button (data-testid=""bookmark-delete-button-${index}"") for removal. Clicking the close button deletes the word and updates the list. If no words are bookmarked, an <h5> with the text 'No words bookmarked !!' is shown in the offcanvas.

    
    ## Output Format
    Provide a clean and complete implementation including:
    1. HTML structure (including necessary `data-testid`, `id`, and `class` values).
    2. JavaScript functionality that matches the behavior described.
    3. CSS for styling according to BEM and required class names.
    4. Ensure that the text content in the components is exactly as specified in the requirements.
    Do not include any extra components or libraries not listed above. Keep your code concise, semantic, and standards-compliant.
    ","{'overview': 'The application is a web-based dictionary that allows users to search for word definitions, pronunciations, and examples. It also provides a daily quote, manages bookmarks for frequently accessed words, and maintains a history of recent searches.', 'predefined_options': 'The application uses predefined options such as default values for input fields and preset selections for bookmarks and recent searches.', 'external_resources': ""The application uses external resources such as quotes from 'https://type.fit/api/quotes' and 'http://api.quotable.io/random', and word data from 'https://api.dictionaryapi.dev/api/v2/entries/en/'."", 'external_js_libraries': 'The application uses external JavaScript libraries such as jQuery (https://ajax.googleapis.com/ajax/libs/jquery/2.2.4/jquery.min.js), Bootstrap (https://cdn.jsdelivr.net/npm/bootstrap@5.1.3/dist/js/bootstrap.bundle.min.js), and Modernizr (https://cdnjs.cloudflare.com/ajax/libs/modernizr/2.8.3/modernizr.js).'}","The system must allow users to interact with the search functionality on the 'Dictionary' webpage. When the search input field, identified by data-testid 'search-input', is empty and the user clicks the 'Search' button (data-testid 'search-button'), a toast notification with data-testid 'error-toast' should be displayed, containing the message ""ERROR: Please type the word to be searched..."". If the search input contains a valid word, the error toast should not be shown, ensuring the user is only prompted when necessary.",https://anonymous.4open.science/r/E2EDev/E2EDev_data/E2ESD_Bench_05/,"Feature: Display error toast notification when search input is empty
  The system should display a toast notification with an error message when the search button is clicked without entering a word in the search input field.


  Scenario: [Normal] Display error toast when search input is empty
    Given the ""Dictionary"" webpage is loaded
    And the search input field with data-testid ""search-input"" is empty
    When the user clicks the ""Search"" button with data-testid ""search-button""
    Then the error toast with data-testid ""error-toast"" should be visible
    And the toast message should be ""ERROR: Please type the word to be searched...""
","from behave import given, when, then
from selenium import webdriver
from selenium.webdriver.common.by import By
from selenium.webdriver.support.ui import WebDriverWait
from selenium.webdriver.support import expected_conditions as EC
import time

file_path = ""index.html""

@given('the ""Dictionary"" webpage is loaded')
def step_given_dictionary_webpage_loaded(context):
    context.driver = webdriver.Chrome()
    context.driver.get(f""file://index.html"")
    time.sleep(1)  # Allow time for the page to load

@given('the search input field with data-testid ""search-input"" is empty')
def step_given_search_input_field_is_empty(context):
    search_input = context.driver.find_element(By.CSS_SELECTOR, ""[data-testid='search-input']"")
    search_input.clear()
    time.sleep(1)  # Allow time for the action to complete

@when('the user clicks the ""Search"" button with data-testid ""search-button""')
def step_when_user_clicks_search_button(context):
    search_button = WebDriverWait(context.driver, 10).until(
        EC.element_to_be_clickable((By.CSS_SELECTOR, ""[data-testid='search-button']""))
    )
    search_button.click()
    time.sleep(1)  # Allow time for the action to complete

@then('the error toast with data-testid ""error-toast"" should be visible')
def step_then_error_toast_should_be_visible(context):
    error_toast = WebDriverWait(context.driver, 10).until(
        EC.visibility_of_element_located((By.CSS_SELECTOR, ""[data-testid='error-toast']""))
    )
    assert error_toast.is_displayed(), ""Error toast is not visible""

@then('the toast message should be ""ERROR: Please type the word to be searched...""')
def step_then_toast_message_should_be_correct(context):
    error_toast = context.driver.find_element(By.CSS_SELECTOR, ""[data-testid='error-toast']"")
    toast_message = error_toast.find_element(By.CLASS_NAME, ""toast-body"").text
    expected_message = ""ERROR: Please type the word to be searched...""
    assert expected_message in toast_message, f""Expected '{expected_message}' but got '{toast_message}'""

def after_scenario(context, scenario):
    context.driver.quit()"
E2ESD_Bench_05,2,2,"
    You are tasked with implementing a complete web application using HTML, JavaScript, and CSS. Your implementation must strictly follow the specifications described below.
    SUMMARY:
    {
    ""overview"": ""The application is a web-based dictionary that allows users to search for word definitions, pronunciations, and examples. It also provides a daily quote, manages bookmarks for frequently accessed words, and maintains a history of recent searches."",
    ""predefined_options"": ""The application uses predefined options such as default values for input fields and preset selections for bookmarks and recent searches."",
    ""external_resources"": ""The application uses external resources such as quotes from 'https://type.fit/api/quotes' and 'http://api.quotable.io/random', and word data from 'https://api.dictionaryapi.dev/api/v2/entries/en/'."",
    ""external_js_libraries"": ""The application uses external JavaScript libraries such as jQuery (https://ajax.googleapis.com/ajax/libs/jquery/2.2.4/jquery.min.js), Bootstrap (https://cdn.jsdelivr.net/npm/bootstrap@5.1.3/dist/js/bootstrap.bundle.min.js), and Modernizr (https://cdnjs.cloudflare.com/ajax/libs/modernizr/2.8.3/modernizr.js).""
}
    ## Functional Requirements
    Implement the following features as described. For each requirement, make sure the HTML structure, JavaScript behavior, and CSS styles match the specifications exactly.
    REQUIREMENTS:
    - Requirement 1: 
The system must allow users to interact with the search functionality on the 'Dictionary' webpage. When the search input field, identified by data-testid 'search-input', is empty and the user clicks the 'Search' button (data-testid 'search-button'), a toast notification with data-testid 'error-toast' should be displayed, containing the message ""ERROR: Please type the word to be searched..."". If the search input contains a valid word, the error toast should not be shown, ensuring the user is only prompted when necessary.
- Requirement 2: 
The web application must allow users to search for word details. When a user enters a word in the search input field (data-testid 'search-input') and clicks the 'Search' button (data-testid 'search-button'), the system should fetch the word's definition, pronunciation, and example from the dictionary API. A result card (data-testid 'result-card') should then be displayed with the searched word as the title (data-testid 'card-title'), its pronunciation (data-testid 'word-pronunciation'), meaning (data-testid 'word-meaning'), and an example sentence (data-testid 'word-example'). 
- Requirement 3: 
The system must provide a 'Reset' button on the Dictionary page that clears the search input field and hides the result card. When the user clicks the 'Reset' button (data-testid 'reset-button'), the search input field (data-testid 'search-input') should be cleared, and the result card (data-testid 'result-card') should be hidden. This functionality should work whether the search input field is empty or contains text, and regardless of whether a search has been performed. The system should ensure that the result card remains hidden after the reset, providing a consistent user experience.
- Requirement 4: 
The web application must allow users to toggle the bookmark status of a word's result card and update the list of bookmarked words in the offcanvas section. When the user clicks the 'Bookmark' icon (data-testid 'bookmark-icon') on a word's result card (data-testid 'result-card'), the system should update the icon to reflect the current bookmark status. If the word is bookmarked, it should be added to the list of bookmarked words displayed in the offcanvas section (data-testid 'bookmarked-words-list'). The user can view this list by clicking the 'Bookmarks' button (data-testid 'bookmark-button'), which opens the offcanvas section. The system must ensure that the list accurately reflects the bookmarked words, allowing users to add and remove words from the bookmark list by toggling the bookmark icon.
- Requirement 5: 
The system should maintain a list of the five most recent searched words and display them in the 'Recent Searches' section (data-testid 'recently-searched'). Each time the user performs a search by entering a word in the search input field (data-testid 'search-input') and clicking the 'Search' button (data-testid 'search-button'), the system should update the list. If the list exceeds five entries, the oldest search should be removed to make room for the new one. 
- Requirement 6: 
The web application must display a 'Back to Top' button (data-testid 'back-to-top-button') when the user scrolls more than 20 pixels down. Clicking the button should smoothly scroll the page to the top, and the button should hide once the page is at the top.
- Requirement 7: 
The system must allow users to manage bookmarked words in the offcanvas section. When the user clicks the 'Bookmarks' button (data-testid=""bookmark-button""), the offcanvas opens, displaying the bookmarked words list (data-testid=""bookmarked-words-list""). Each word has a close button (data-testid=""bookmark-delete-button-${index}"") for removal. Clicking the close button deletes the word and updates the list. If no words are bookmarked, an <h5> with the text 'No words bookmarked !!' is shown in the offcanvas.

    
    ## Output Format
    Provide a clean and complete implementation including:
    1. HTML structure (including necessary `data-testid`, `id`, and `class` values).
    2. JavaScript functionality that matches the behavior described.
    3. CSS for styling according to BEM and required class names.
    4. Ensure that the text content in the components is exactly as specified in the requirements.
    Do not include any extra components or libraries not listed above. Keep your code concise, semantic, and standards-compliant.
    ","{'overview': 'The application is a web-based dictionary that allows users to search for word definitions, pronunciations, and examples. It also provides a daily quote, manages bookmarks for frequently accessed words, and maintains a history of recent searches.', 'predefined_options': 'The application uses predefined options such as default values for input fields and preset selections for bookmarks and recent searches.', 'external_resources': ""The application uses external resources such as quotes from 'https://type.fit/api/quotes' and 'http://api.quotable.io/random', and word data from 'https://api.dictionaryapi.dev/api/v2/entries/en/'."", 'external_js_libraries': 'The application uses external JavaScript libraries such as jQuery (https://ajax.googleapis.com/ajax/libs/jquery/2.2.4/jquery.min.js), Bootstrap (https://cdn.jsdelivr.net/npm/bootstrap@5.1.3/dist/js/bootstrap.bundle.min.js), and Modernizr (https://cdnjs.cloudflare.com/ajax/libs/modernizr/2.8.3/modernizr.js).'}","The system must allow users to interact with the search functionality on the 'Dictionary' webpage. When the search input field, identified by data-testid 'search-input', is empty and the user clicks the 'Search' button (data-testid 'search-button'), a toast notification with data-testid 'error-toast' should be displayed, containing the message ""ERROR: Please type the word to be searched..."". If the search input contains a valid word, the error toast should not be shown, ensuring the user is only prompted when necessary.",https://anonymous.4open.science/r/E2EDev/E2EDev_data/E2ESD_Bench_05/,"Feature: Display error toast notification when search input is empty
  The system should display a toast notification with an error message when the search button is clicked without entering a word in the search input field.


  Scenario: [Error] No error toast when search input contains a valid word
    Given the ""Dictionary"" webpage is loaded
    And the search input field with data-testid ""search-input"" contains the word ""example""
    When the user clicks the ""Search"" button with data-testid ""search-button""
    Then the error toast with data-testid ""error-toast"" should not be visible","from behave import given, when, then
from selenium import webdriver
from selenium.webdriver.common.by import By
from selenium.webdriver.support.ui import WebDriverWait
from selenium.webdriver.support import expected_conditions as EC
import time

file_path = ""index.html""

@given('the ""Dictionary"" webpage is loaded')
def step_given_dictionary_webpage_loaded(context):
    context.driver = webdriver.Chrome()
    context.driver.get(f""file://index.html"")
    time.sleep(1)  # Allow page to load

@given('the search input field with data-testid ""search-input"" contains the word ""example""')
def step_given_search_input_contains_word(context):
    search_input = WebDriverWait(context.driver, 10).until(
        EC.presence_of_element_located((By.CSS_SELECTOR, ""[data-testid='search-input']""))
    )
    search_input.clear()
    search_input.send_keys(""example"")
    time.sleep(1)  # Allow input to be processed

@when('the user clicks the ""Search"" button with data-testid ""search-button""')
def step_when_user_clicks_search_button(context):
    search_button = WebDriverWait(context.driver, 10).until(
        EC.element_to_be_clickable((By.CSS_SELECTOR, ""[data-testid='search-button']""))
    )
    search_button.click()
    time.sleep(1)  # Allow action to be processed

@then('the error toast with data-testid ""error-toast"" should not be visible')
def step_then_error_toast_should_not_be_visible(context):
    error_toast = context.driver.find_element(By.CSS_SELECTOR, ""[data-testid='error-toast']"")
    assert not error_toast.is_displayed(), ""Error toast is visible when it should not be.""

def after_scenario(context, scenario):
    context.driver.quit()"
E2ESD_Bench_05,3,1,"
    You are tasked with implementing a complete web application using HTML, JavaScript, and CSS. Your implementation must strictly follow the specifications described below.
    SUMMARY:
    {
    ""overview"": ""The application is a web-based dictionary that allows users to search for word definitions, pronunciations, and examples. It also provides a daily quote, manages bookmarks for frequently accessed words, and maintains a history of recent searches."",
    ""predefined_options"": ""The application uses predefined options such as default values for input fields and preset selections for bookmarks and recent searches."",
    ""external_resources"": ""The application uses external resources such as quotes from 'https://type.fit/api/quotes' and 'http://api.quotable.io/random', and word data from 'https://api.dictionaryapi.dev/api/v2/entries/en/'."",
    ""external_js_libraries"": ""The application uses external JavaScript libraries such as jQuery (https://ajax.googleapis.com/ajax/libs/jquery/2.2.4/jquery.min.js), Bootstrap (https://cdn.jsdelivr.net/npm/bootstrap@5.1.3/dist/js/bootstrap.bundle.min.js), and Modernizr (https://cdnjs.cloudflare.com/ajax/libs/modernizr/2.8.3/modernizr.js).""
}
    ## Functional Requirements
    Implement the following features as described. For each requirement, make sure the HTML structure, JavaScript behavior, and CSS styles match the specifications exactly.
    REQUIREMENTS:
    - Requirement 1: 
The system must allow users to interact with the search functionality on the 'Dictionary' webpage. When the search input field, identified by data-testid 'search-input', is empty and the user clicks the 'Search' button (data-testid 'search-button'), a toast notification with data-testid 'error-toast' should be displayed, containing the message ""ERROR: Please type the word to be searched..."". If the search input contains a valid word, the error toast should not be shown, ensuring the user is only prompted when necessary.
- Requirement 2: 
The web application must allow users to search for word details. When a user enters a word in the search input field (data-testid 'search-input') and clicks the 'Search' button (data-testid 'search-button'), the system should fetch the word's definition, pronunciation, and example from the dictionary API. A result card (data-testid 'result-card') should then be displayed with the searched word as the title (data-testid 'card-title'), its pronunciation (data-testid 'word-pronunciation'), meaning (data-testid 'word-meaning'), and an example sentence (data-testid 'word-example'). 
- Requirement 3: 
The system must provide a 'Reset' button on the Dictionary page that clears the search input field and hides the result card. When the user clicks the 'Reset' button (data-testid 'reset-button'), the search input field (data-testid 'search-input') should be cleared, and the result card (data-testid 'result-card') should be hidden. This functionality should work whether the search input field is empty or contains text, and regardless of whether a search has been performed. The system should ensure that the result card remains hidden after the reset, providing a consistent user experience.
- Requirement 4: 
The web application must allow users to toggle the bookmark status of a word's result card and update the list of bookmarked words in the offcanvas section. When the user clicks the 'Bookmark' icon (data-testid 'bookmark-icon') on a word's result card (data-testid 'result-card'), the system should update the icon to reflect the current bookmark status. If the word is bookmarked, it should be added to the list of bookmarked words displayed in the offcanvas section (data-testid 'bookmarked-words-list'). The user can view this list by clicking the 'Bookmarks' button (data-testid 'bookmark-button'), which opens the offcanvas section. The system must ensure that the list accurately reflects the bookmarked words, allowing users to add and remove words from the bookmark list by toggling the bookmark icon.
- Requirement 5: 
The system should maintain a list of the five most recent searched words and display them in the 'Recent Searches' section (data-testid 'recently-searched'). Each time the user performs a search by entering a word in the search input field (data-testid 'search-input') and clicking the 'Search' button (data-testid 'search-button'), the system should update the list. If the list exceeds five entries, the oldest search should be removed to make room for the new one. 
- Requirement 6: 
The web application must display a 'Back to Top' button (data-testid 'back-to-top-button') when the user scrolls more than 20 pixels down. Clicking the button should smoothly scroll the page to the top, and the button should hide once the page is at the top.
- Requirement 7: 
The system must allow users to manage bookmarked words in the offcanvas section. When the user clicks the 'Bookmarks' button (data-testid=""bookmark-button""), the offcanvas opens, displaying the bookmarked words list (data-testid=""bookmarked-words-list""). Each word has a close button (data-testid=""bookmark-delete-button-${index}"") for removal. Clicking the close button deletes the word and updates the list. If no words are bookmarked, an <h5> with the text 'No words bookmarked !!' is shown in the offcanvas.

    
    ## Output Format
    Provide a clean and complete implementation including:
    1. HTML structure (including necessary `data-testid`, `id`, and `class` values).
    2. JavaScript functionality that matches the behavior described.
    3. CSS for styling according to BEM and required class names.
    4. Ensure that the text content in the components is exactly as specified in the requirements.
    Do not include any extra components or libraries not listed above. Keep your code concise, semantic, and standards-compliant.
    ","{'overview': 'The application is a web-based dictionary that allows users to search for word definitions, pronunciations, and examples. It also provides a daily quote, manages bookmarks for frequently accessed words, and maintains a history of recent searches.', 'predefined_options': 'The application uses predefined options such as default values for input fields and preset selections for bookmarks and recent searches.', 'external_resources': ""The application uses external resources such as quotes from 'https://type.fit/api/quotes' and 'http://api.quotable.io/random', and word data from 'https://api.dictionaryapi.dev/api/v2/entries/en/'."", 'external_js_libraries': 'The application uses external JavaScript libraries such as jQuery (https://ajax.googleapis.com/ajax/libs/jquery/2.2.4/jquery.min.js), Bootstrap (https://cdn.jsdelivr.net/npm/bootstrap@5.1.3/dist/js/bootstrap.bundle.min.js), and Modernizr (https://cdnjs.cloudflare.com/ajax/libs/modernizr/2.8.3/modernizr.js).'}","The web application must allow users to search for word details. When a user enters a word in the search input field (data-testid 'search-input') and clicks the 'Search' button (data-testid 'search-button'), the system should fetch the word's definition, pronunciation, and example from the dictionary API. A result card (data-testid 'result-card') should then be displayed with the searched word as the title (data-testid 'card-title'), its pronunciation (data-testid 'word-pronunciation'), meaning (data-testid 'word-meaning'), and an example sentence (data-testid 'word-example'). ",https://anonymous.4open.science/r/E2EDev/E2EDev_data/E2ESD_Bench_05/,"Feature: Fetch and display word details upon clicking the 'Search' button
  The system should fetch the word's definition, pronunciation, and example from the dictionary API and display them in the result card when a valid word is entered and the 'Search' button is clicked.


Scenario: [Normal] Display word details for a valid word
    Given the user is on the Dictionary page
    And the search input field with data-testid 'search-input' is visible
    When the user enters 'example' into the search input field with data-testid 'search-input'
    And the user clicks the 'Search' button with data-testid 'search-button'
    Then the result card with data-testid 'result-card' should be visible
    And the card title with data-testid 'card-title' should display 'example'
    And the word pronunciation with data-testid 'word-pronunciation' should display the pronunciation text
    And the word meaning with data-testid 'word-meaning' should display the definition
    And the word example with data-testid 'word-example' should display an example sentence","from behave import given, when, then
from selenium import webdriver
from selenium.webdriver.common.by import By
from selenium.webdriver.support.ui import WebDriverWait
from selenium.webdriver.support import expected_conditions as EC
import time

file_path = ""index.html""

def is_visible(element):
    return element.is_displayed()

@given('the user is on the Dictionary page')
def step_given_user_on_dictionary_page(context):
    context.driver = webdriver.Chrome()
    context.driver.get(f""file://index.html"")
    time.sleep(1)

@given('the search input field with data-testid \'search-input\' is visible')
def step_given_search_input_visible(context):
    search_input = WebDriverWait(context.driver, 10).until(
        EC.visibility_of_element_located((By.CSS_SELECTOR, ""[data-testid='search-input']""))
    )
    assert is_visible(search_input), ""Search input field is not visible""

@when('the user enters \'example\' into the search input field with data-testid \'search-input\'')
def step_when_user_enters_example(context):
    search_input = context.driver.find_element(By.CSS_SELECTOR, ""[data-testid='search-input']"")
    search_input.clear()
    search_input.send_keys(""example"")
    time.sleep(1)

@when('the user clicks the \'Search\' button with data-testid \'search-button\'')
def step_when_user_clicks_search_button(context):
    search_button = WebDriverWait(context.driver, 10).until(
        EC.element_to_be_clickable((By.CSS_SELECTOR, ""[data-testid='search-button']""))
    )
    search_button.click()
    time.sleep(1)

@then('the result card with data-testid \'result-card\' should be visible')
def step_then_result_card_visible(context):
    result_card = WebDriverWait(context.driver, 10).until(
        EC.visibility_of_element_located((By.CSS_SELECTOR, ""[data-testid='result-card']""))
    )
    assert is_visible(result_card), ""Result card is not visible""

@then('the card title with data-testid \'card-title\' should display \'example\'')
def step_then_card_title_displays_example(context):
    card_title = context.driver.find_element(By.CSS_SELECTOR, ""[data-testid='card-title']"")
    expected_text = ""example""
    assert expected_text.lower() in card_title.text.lower(), f""Expected '{expected_text}' in '{card_title.text}'""

@then('the word pronunciation with data-testid \'word-pronunciation\' should display the pronunciation text')
def step_then_word_pronunciation_displays(context):
    word_pronunciation = context.driver.find_element(By.CSS_SELECTOR, ""[data-testid='word-pronunciation']"")
    assert word_pronunciation.text.strip(), ""Word pronunciation text is not displayed""

@then('the word meaning with data-testid \'word-meaning\' should display the definition')
def step_then_word_meaning_displays(context):
    word_meaning = context.driver.find_element(By.CSS_SELECTOR, ""[data-testid='word-meaning']"")
    assert word_meaning.text.strip(), ""Word meaning text is not displayed""

@then('the word example with data-testid \'word-example\' should display an example sentence')
def step_then_word_example_displays(context):
    word_example = context.driver.find_element(By.CSS_SELECTOR, ""[data-testid='word-example']"")
    assert word_example.text.strip(), ""Word example text is not displayed""

def after_scenario(context, scenario):
    context.driver.quit()"
E2ESD_Bench_05,3,2,"
    You are tasked with implementing a complete web application using HTML, JavaScript, and CSS. Your implementation must strictly follow the specifications described below.
    SUMMARY:
    {
    ""overview"": ""The application is a web-based dictionary that allows users to search for word definitions, pronunciations, and examples. It also provides a daily quote, manages bookmarks for frequently accessed words, and maintains a history of recent searches."",
    ""predefined_options"": ""The application uses predefined options such as default values for input fields and preset selections for bookmarks and recent searches."",
    ""external_resources"": ""The application uses external resources such as quotes from 'https://type.fit/api/quotes' and 'http://api.quotable.io/random', and word data from 'https://api.dictionaryapi.dev/api/v2/entries/en/'."",
    ""external_js_libraries"": ""The application uses external JavaScript libraries such as jQuery (https://ajax.googleapis.com/ajax/libs/jquery/2.2.4/jquery.min.js), Bootstrap (https://cdn.jsdelivr.net/npm/bootstrap@5.1.3/dist/js/bootstrap.bundle.min.js), and Modernizr (https://cdnjs.cloudflare.com/ajax/libs/modernizr/2.8.3/modernizr.js).""
}
    ## Functional Requirements
    Implement the following features as described. For each requirement, make sure the HTML structure, JavaScript behavior, and CSS styles match the specifications exactly.
    REQUIREMENTS:
    - Requirement 1: 
The system must allow users to interact with the search functionality on the 'Dictionary' webpage. When the search input field, identified by data-testid 'search-input', is empty and the user clicks the 'Search' button (data-testid 'search-button'), a toast notification with data-testid 'error-toast' should be displayed, containing the message ""ERROR: Please type the word to be searched..."". If the search input contains a valid word, the error toast should not be shown, ensuring the user is only prompted when necessary.
- Requirement 2: 
The web application must allow users to search for word details. When a user enters a word in the search input field (data-testid 'search-input') and clicks the 'Search' button (data-testid 'search-button'), the system should fetch the word's definition, pronunciation, and example from the dictionary API. A result card (data-testid 'result-card') should then be displayed with the searched word as the title (data-testid 'card-title'), its pronunciation (data-testid 'word-pronunciation'), meaning (data-testid 'word-meaning'), and an example sentence (data-testid 'word-example'). 
- Requirement 3: 
The system must provide a 'Reset' button on the Dictionary page that clears the search input field and hides the result card. When the user clicks the 'Reset' button (data-testid 'reset-button'), the search input field (data-testid 'search-input') should be cleared, and the result card (data-testid 'result-card') should be hidden. This functionality should work whether the search input field is empty or contains text, and regardless of whether a search has been performed. The system should ensure that the result card remains hidden after the reset, providing a consistent user experience.
- Requirement 4: 
The web application must allow users to toggle the bookmark status of a word's result card and update the list of bookmarked words in the offcanvas section. When the user clicks the 'Bookmark' icon (data-testid 'bookmark-icon') on a word's result card (data-testid 'result-card'), the system should update the icon to reflect the current bookmark status. If the word is bookmarked, it should be added to the list of bookmarked words displayed in the offcanvas section (data-testid 'bookmarked-words-list'). The user can view this list by clicking the 'Bookmarks' button (data-testid 'bookmark-button'), which opens the offcanvas section. The system must ensure that the list accurately reflects the bookmarked words, allowing users to add and remove words from the bookmark list by toggling the bookmark icon.
- Requirement 5: 
The system should maintain a list of the five most recent searched words and display them in the 'Recent Searches' section (data-testid 'recently-searched'). Each time the user performs a search by entering a word in the search input field (data-testid 'search-input') and clicking the 'Search' button (data-testid 'search-button'), the system should update the list. If the list exceeds five entries, the oldest search should be removed to make room for the new one. 
- Requirement 6: 
The web application must display a 'Back to Top' button (data-testid 'back-to-top-button') when the user scrolls more than 20 pixels down. Clicking the button should smoothly scroll the page to the top, and the button should hide once the page is at the top.
- Requirement 7: 
The system must allow users to manage bookmarked words in the offcanvas section. When the user clicks the 'Bookmarks' button (data-testid=""bookmark-button""), the offcanvas opens, displaying the bookmarked words list (data-testid=""bookmarked-words-list""). Each word has a close button (data-testid=""bookmark-delete-button-${index}"") for removal. Clicking the close button deletes the word and updates the list. If no words are bookmarked, an <h5> with the text 'No words bookmarked !!' is shown in the offcanvas.

    
    ## Output Format
    Provide a clean and complete implementation including:
    1. HTML structure (including necessary `data-testid`, `id`, and `class` values).
    2. JavaScript functionality that matches the behavior described.
    3. CSS for styling according to BEM and required class names.
    4. Ensure that the text content in the components is exactly as specified in the requirements.
    Do not include any extra components or libraries not listed above. Keep your code concise, semantic, and standards-compliant.
    ","{'overview': 'The application is a web-based dictionary that allows users to search for word definitions, pronunciations, and examples. It also provides a daily quote, manages bookmarks for frequently accessed words, and maintains a history of recent searches.', 'predefined_options': 'The application uses predefined options such as default values for input fields and preset selections for bookmarks and recent searches.', 'external_resources': ""The application uses external resources such as quotes from 'https://type.fit/api/quotes' and 'http://api.quotable.io/random', and word data from 'https://api.dictionaryapi.dev/api/v2/entries/en/'."", 'external_js_libraries': 'The application uses external JavaScript libraries such as jQuery (https://ajax.googleapis.com/ajax/libs/jquery/2.2.4/jquery.min.js), Bootstrap (https://cdn.jsdelivr.net/npm/bootstrap@5.1.3/dist/js/bootstrap.bundle.min.js), and Modernizr (https://cdnjs.cloudflare.com/ajax/libs/modernizr/2.8.3/modernizr.js).'}","The web application must allow users to search for word details. When a user enters a word in the search input field (data-testid 'search-input') and clicks the 'Search' button (data-testid 'search-button'), the system should fetch the word's definition, pronunciation, and example from the dictionary API. A result card (data-testid 'result-card') should then be displayed with the searched word as the title (data-testid 'card-title'), its pronunciation (data-testid 'word-pronunciation'), meaning (data-testid 'word-meaning'), and an example sentence (data-testid 'word-example'). ",https://anonymous.4open.science/r/E2EDev/E2EDev_data/E2ESD_Bench_05/,"Feature: Fetch and display word details upon clicking the 'Search' button
  The system should fetch the word's definition, pronunciation, and example from the dictionary API and display them in the result card when a valid word is entered and the 'Search' button is clicked.


Scenario: [Edge] Display word details for a word with multiple meanings
    Given the user is on the Dictionary page
    And the search input field with data-testid 'search-input' is visible
    When the user enters 'set' into the search input field with data-testid 'search-input'
    And the user clicks the 'Search' button with data-testid 'search-button'
    Then the result card with data-testid 'result-card' should be visible
    And the card title with data-testid 'card-title' should display 'set'
    And the word pronunciation with data-testid 'word-pronunciation' should display the pronunciation text
    And the word meaning with data-testid 'word-meaning' should display one of the definitions
    And the word example with data-testid 'word-example' should display an example sentence","from behave import given, when, then
from selenium import webdriver
from selenium.webdriver.common.by import By
from selenium.webdriver.support.ui import WebDriverWait
from selenium.webdriver.support import expected_conditions as EC
import time

file_path = ""index.html""

def is_visible(element):
    return element.is_displayed()

@given('the user is on the Dictionary page')
def step_given_user_on_dictionary_page(context):
    context.driver = webdriver.Chrome()
    context.driver.get(f""file://index.html"")
    time.sleep(1)

@given('the search input field with data-testid \'search-input\' is visible')
def step_given_search_input_visible(context):
    search_input = WebDriverWait(context.driver, 10).until(
        EC.visibility_of_element_located((By.CSS_SELECTOR, ""[data-testid='search-input']""))
    )
    assert is_visible(search_input), ""Search input field is not visible""

@when('the user enters \'set\' into the search input field with data-testid \'search-input\'')
def step_when_user_enters_set(context):
    search_input = context.driver.find_element(By.CSS_SELECTOR, ""[data-testid='search-input']"")
    search_input.clear()
    search_input.send_keys(""set"")
    time.sleep(1)

@when('the user clicks the \'Search\' button with data-testid \'search-button\'')
def step_when_user_clicks_search_button(context):
    search_button = WebDriverWait(context.driver, 10).until(
        EC.element_to_be_clickable((By.CSS_SELECTOR, ""[data-testid='search-button']""))
    )
    search_button.click()
    time.sleep(1)

@then('the result card with data-testid \'result-card\' should be visible')
def step_then_result_card_visible(context):
    result_card = WebDriverWait(context.driver, 10).until(
        EC.visibility_of_element_located((By.CSS_SELECTOR, ""[data-testid='result-card']""))
    )
    assert is_visible(result_card), ""Result card is not visible""

@then('the card title with data-testid \'card-title\' should display \'set\'')
def step_then_card_title_display_set(context):
    card_title = context.driver.find_element(By.CSS_SELECTOR, ""[data-testid='card-title']"")
    assert ""set"" in card_title.text.lower(), f""Expected 'set' in '{card_title.text}'""

@then('the word pronunciation with data-testid \'word-pronunciation\' should display the pronunciation text')
def step_then_word_pronunciation_display(context):
    word_pronunciation = context.driver.find_element(By.CSS_SELECTOR, ""[data-testid='word-pronunciation']"")
    assert word_pronunciation.text.strip() != """", ""Pronunciation text is empty""

@then('the word meaning with data-testid \'word-meaning\' should display one of the definitions')
def step_then_word_meaning_display(context):
    word_meaning = context.driver.find_element(By.CSS_SELECTOR, ""[data-testid='word-meaning']"")
    assert word_meaning.text.strip() != """", ""Word meaning text is empty""

@then('the word example with data-testid \'word-example\' should display an example sentence')
def step_then_word_example_display(context):
    word_example = context.driver.find_element(By.CSS_SELECTOR, ""[data-testid='word-example']"")
    assert word_example.text.strip() != """", ""Word example text is empty""

def after_scenario(context, scenario):
    context.driver.quit()"
E2ESD_Bench_05,3,3,"
    You are tasked with implementing a complete web application using HTML, JavaScript, and CSS. Your implementation must strictly follow the specifications described below.
    SUMMARY:
    {
    ""overview"": ""The application is a web-based dictionary that allows users to search for word definitions, pronunciations, and examples. It also provides a daily quote, manages bookmarks for frequently accessed words, and maintains a history of recent searches."",
    ""predefined_options"": ""The application uses predefined options such as default values for input fields and preset selections for bookmarks and recent searches."",
    ""external_resources"": ""The application uses external resources such as quotes from 'https://type.fit/api/quotes' and 'http://api.quotable.io/random', and word data from 'https://api.dictionaryapi.dev/api/v2/entries/en/'."",
    ""external_js_libraries"": ""The application uses external JavaScript libraries such as jQuery (https://ajax.googleapis.com/ajax/libs/jquery/2.2.4/jquery.min.js), Bootstrap (https://cdn.jsdelivr.net/npm/bootstrap@5.1.3/dist/js/bootstrap.bundle.min.js), and Modernizr (https://cdnjs.cloudflare.com/ajax/libs/modernizr/2.8.3/modernizr.js).""
}
    ## Functional Requirements
    Implement the following features as described. For each requirement, make sure the HTML structure, JavaScript behavior, and CSS styles match the specifications exactly.
    REQUIREMENTS:
    - Requirement 1: 
The system must allow users to interact with the search functionality on the 'Dictionary' webpage. When the search input field, identified by data-testid 'search-input', is empty and the user clicks the 'Search' button (data-testid 'search-button'), a toast notification with data-testid 'error-toast' should be displayed, containing the message ""ERROR: Please type the word to be searched..."". If the search input contains a valid word, the error toast should not be shown, ensuring the user is only prompted when necessary.
- Requirement 2: 
The web application must allow users to search for word details. When a user enters a word in the search input field (data-testid 'search-input') and clicks the 'Search' button (data-testid 'search-button'), the system should fetch the word's definition, pronunciation, and example from the dictionary API. A result card (data-testid 'result-card') should then be displayed with the searched word as the title (data-testid 'card-title'), its pronunciation (data-testid 'word-pronunciation'), meaning (data-testid 'word-meaning'), and an example sentence (data-testid 'word-example'). 
- Requirement 3: 
The system must provide a 'Reset' button on the Dictionary page that clears the search input field and hides the result card. When the user clicks the 'Reset' button (data-testid 'reset-button'), the search input field (data-testid 'search-input') should be cleared, and the result card (data-testid 'result-card') should be hidden. This functionality should work whether the search input field is empty or contains text, and regardless of whether a search has been performed. The system should ensure that the result card remains hidden after the reset, providing a consistent user experience.
- Requirement 4: 
The web application must allow users to toggle the bookmark status of a word's result card and update the list of bookmarked words in the offcanvas section. When the user clicks the 'Bookmark' icon (data-testid 'bookmark-icon') on a word's result card (data-testid 'result-card'), the system should update the icon to reflect the current bookmark status. If the word is bookmarked, it should be added to the list of bookmarked words displayed in the offcanvas section (data-testid 'bookmarked-words-list'). The user can view this list by clicking the 'Bookmarks' button (data-testid 'bookmark-button'), which opens the offcanvas section. The system must ensure that the list accurately reflects the bookmarked words, allowing users to add and remove words from the bookmark list by toggling the bookmark icon.
- Requirement 5: 
The system should maintain a list of the five most recent searched words and display them in the 'Recent Searches' section (data-testid 'recently-searched'). Each time the user performs a search by entering a word in the search input field (data-testid 'search-input') and clicking the 'Search' button (data-testid 'search-button'), the system should update the list. If the list exceeds five entries, the oldest search should be removed to make room for the new one. 
- Requirement 6: 
The web application must display a 'Back to Top' button (data-testid 'back-to-top-button') when the user scrolls more than 20 pixels down. Clicking the button should smoothly scroll the page to the top, and the button should hide once the page is at the top.
- Requirement 7: 
The system must allow users to manage bookmarked words in the offcanvas section. When the user clicks the 'Bookmarks' button (data-testid=""bookmark-button""), the offcanvas opens, displaying the bookmarked words list (data-testid=""bookmarked-words-list""). Each word has a close button (data-testid=""bookmark-delete-button-${index}"") for removal. Clicking the close button deletes the word and updates the list. If no words are bookmarked, an <h5> with the text 'No words bookmarked !!' is shown in the offcanvas.

    
    ## Output Format
    Provide a clean and complete implementation including:
    1. HTML structure (including necessary `data-testid`, `id`, and `class` values).
    2. JavaScript functionality that matches the behavior described.
    3. CSS for styling according to BEM and required class names.
    4. Ensure that the text content in the components is exactly as specified in the requirements.
    Do not include any extra components or libraries not listed above. Keep your code concise, semantic, and standards-compliant.
    ","{'overview': 'The application is a web-based dictionary that allows users to search for word definitions, pronunciations, and examples. It also provides a daily quote, manages bookmarks for frequently accessed words, and maintains a history of recent searches.', 'predefined_options': 'The application uses predefined options such as default values for input fields and preset selections for bookmarks and recent searches.', 'external_resources': ""The application uses external resources such as quotes from 'https://type.fit/api/quotes' and 'http://api.quotable.io/random', and word data from 'https://api.dictionaryapi.dev/api/v2/entries/en/'."", 'external_js_libraries': 'The application uses external JavaScript libraries such as jQuery (https://ajax.googleapis.com/ajax/libs/jquery/2.2.4/jquery.min.js), Bootstrap (https://cdn.jsdelivr.net/npm/bootstrap@5.1.3/dist/js/bootstrap.bundle.min.js), and Modernizr (https://cdnjs.cloudflare.com/ajax/libs/modernizr/2.8.3/modernizr.js).'}","The web application must allow users to search for word details. When a user enters a word in the search input field (data-testid 'search-input') and clicks the 'Search' button (data-testid 'search-button'), the system should fetch the word's definition, pronunciation, and example from the dictionary API. A result card (data-testid 'result-card') should then be displayed with the searched word as the title (data-testid 'card-title'), its pronunciation (data-testid 'word-pronunciation'), meaning (data-testid 'word-meaning'), and an example sentence (data-testid 'word-example'). ",https://anonymous.4open.science/r/E2EDev/E2EDev_data/E2ESD_Bench_05/,"Feature: Fetch and display word details upon clicking the 'Search' button
  The system should fetch the word's definition, pronunciation, and example from the dictionary API and display them in the result card when a valid word is entered and the 'Search' button is clicked.


  Scenario: [Error] Attempt to search with an empty input
    Given the user is on the Dictionary page
    And the search input field with data-testid ""search-input"" is visible
    When the user leaves the search input field with data-testid ""search-input"" empty
    And the user clicks the ""Search"" button with data-testid ""search-button""
    Then the result card with data-testid ""result-card"" should not be visible
    And the error toast with data-testid ""error-toast"" should be displayed
    And the error toast should display the message ""ERROR: Please type the word to be searched...""","from behave import given, when, then
from selenium import webdriver
from selenium.webdriver.common.by import By
from selenium.webdriver.support.ui import WebDriverWait
from selenium.webdriver.support import expected_conditions as EC
import time

file_path = ""index.html""

def is_visible(element):
    return element.is_displayed()

@given('the user is on the Dictionary page')
def step_given_user_on_dictionary_page(context):
    context.driver = webdriver.Chrome()
    context.driver.get(f""file://index.html"")
    time.sleep(1)

@given('the search input field with data-testid ""search-input"" is visible')
def step_given_search_input_visible(context):
    search_input = WebDriverWait(context.driver, 10).until(
        EC.visibility_of_element_located((By.CSS_SELECTOR, ""[data-testid='search-input']""))
    )
    assert is_visible(search_input), ""Search input field is not visible""
    time.sleep(1)

@when('the user leaves the search input field with data-testid ""search-input"" empty')
def step_when_search_input_empty(context):
    search_input = context.driver.find_element(By.CSS_SELECTOR, ""[data-testid='search-input']"")
    search_input.clear()
    time.sleep(1)

@when('the user clicks the ""Search"" button with data-testid ""search-button""')
def step_when_user_clicks_search_button(context):
    search_button = WebDriverWait(context.driver, 10).until(
        EC.element_to_be_clickable((By.CSS_SELECTOR, ""[data-testid='search-button']""))
    )
    search_button.click()
    time.sleep(1)

@then('the result card with data-testid ""result-card"" should not be visible')
def step_then_result_card_not_visible(context):
    result_card = context.driver.find_element(By.CSS_SELECTOR, ""[data-testid='result-card']"")
    assert not is_visible(result_card), ""Result card is visible""
    time.sleep(1)

@then('the error toast with data-testid ""error-toast"" should be displayed')
def step_then_error_toast_displayed(context):
    error_toast = WebDriverWait(context.driver, 10).until(
        EC.visibility_of_element_located((By.CSS_SELECTOR, ""[data-testid='error-toast']""))
    )
    assert is_visible(error_toast), ""Error toast is not displayed""
    time.sleep(1)

@then('the error toast should display the message ""ERROR: Please type the word to be searched...""')
def step_then_error_toast_message(context):
    error_toast = context.driver.find_element(By.CSS_SELECTOR, ""[data-testid='error-toast']"")
    expected_message = ""ERROR: Please type the word to be searched...""
    assert expected_message.lower() in error_toast.text.lower(), f""Expected '{expected_message}' in '{error_toast.text}'""
    time.sleep(1)

def after_scenario(context, scenario):
    context.driver.quit()"
E2ESD_Bench_05,4,1,"
    You are tasked with implementing a complete web application using HTML, JavaScript, and CSS. Your implementation must strictly follow the specifications described below.
    SUMMARY:
    {
    ""overview"": ""The application is a web-based dictionary that allows users to search for word definitions, pronunciations, and examples. It also provides a daily quote, manages bookmarks for frequently accessed words, and maintains a history of recent searches."",
    ""predefined_options"": ""The application uses predefined options such as default values for input fields and preset selections for bookmarks and recent searches."",
    ""external_resources"": ""The application uses external resources such as quotes from 'https://type.fit/api/quotes' and 'http://api.quotable.io/random', and word data from 'https://api.dictionaryapi.dev/api/v2/entries/en/'."",
    ""external_js_libraries"": ""The application uses external JavaScript libraries such as jQuery (https://ajax.googleapis.com/ajax/libs/jquery/2.2.4/jquery.min.js), Bootstrap (https://cdn.jsdelivr.net/npm/bootstrap@5.1.3/dist/js/bootstrap.bundle.min.js), and Modernizr (https://cdnjs.cloudflare.com/ajax/libs/modernizr/2.8.3/modernizr.js).""
}
    ## Functional Requirements
    Implement the following features as described. For each requirement, make sure the HTML structure, JavaScript behavior, and CSS styles match the specifications exactly.
    REQUIREMENTS:
    - Requirement 1: 
The system must allow users to interact with the search functionality on the 'Dictionary' webpage. When the search input field, identified by data-testid 'search-input', is empty and the user clicks the 'Search' button (data-testid 'search-button'), a toast notification with data-testid 'error-toast' should be displayed, containing the message ""ERROR: Please type the word to be searched..."". If the search input contains a valid word, the error toast should not be shown, ensuring the user is only prompted when necessary.
- Requirement 2: 
The web application must allow users to search for word details. When a user enters a word in the search input field (data-testid 'search-input') and clicks the 'Search' button (data-testid 'search-button'), the system should fetch the word's definition, pronunciation, and example from the dictionary API. A result card (data-testid 'result-card') should then be displayed with the searched word as the title (data-testid 'card-title'), its pronunciation (data-testid 'word-pronunciation'), meaning (data-testid 'word-meaning'), and an example sentence (data-testid 'word-example'). 
- Requirement 3: 
The system must provide a 'Reset' button on the Dictionary page that clears the search input field and hides the result card. When the user clicks the 'Reset' button (data-testid 'reset-button'), the search input field (data-testid 'search-input') should be cleared, and the result card (data-testid 'result-card') should be hidden. This functionality should work whether the search input field is empty or contains text, and regardless of whether a search has been performed. The system should ensure that the result card remains hidden after the reset, providing a consistent user experience.
- Requirement 4: 
The web application must allow users to toggle the bookmark status of a word's result card and update the list of bookmarked words in the offcanvas section. When the user clicks the 'Bookmark' icon (data-testid 'bookmark-icon') on a word's result card (data-testid 'result-card'), the system should update the icon to reflect the current bookmark status. If the word is bookmarked, it should be added to the list of bookmarked words displayed in the offcanvas section (data-testid 'bookmarked-words-list'). The user can view this list by clicking the 'Bookmarks' button (data-testid 'bookmark-button'), which opens the offcanvas section. The system must ensure that the list accurately reflects the bookmarked words, allowing users to add and remove words from the bookmark list by toggling the bookmark icon.
- Requirement 5: 
The system should maintain a list of the five most recent searched words and display them in the 'Recent Searches' section (data-testid 'recently-searched'). Each time the user performs a search by entering a word in the search input field (data-testid 'search-input') and clicking the 'Search' button (data-testid 'search-button'), the system should update the list. If the list exceeds five entries, the oldest search should be removed to make room for the new one. 
- Requirement 6: 
The web application must display a 'Back to Top' button (data-testid 'back-to-top-button') when the user scrolls more than 20 pixels down. Clicking the button should smoothly scroll the page to the top, and the button should hide once the page is at the top.
- Requirement 7: 
The system must allow users to manage bookmarked words in the offcanvas section. When the user clicks the 'Bookmarks' button (data-testid=""bookmark-button""), the offcanvas opens, displaying the bookmarked words list (data-testid=""bookmarked-words-list""). Each word has a close button (data-testid=""bookmark-delete-button-${index}"") for removal. Clicking the close button deletes the word and updates the list. If no words are bookmarked, an <h5> with the text 'No words bookmarked !!' is shown in the offcanvas.

    
    ## Output Format
    Provide a clean and complete implementation including:
    1. HTML structure (including necessary `data-testid`, `id`, and `class` values).
    2. JavaScript functionality that matches the behavior described.
    3. CSS for styling according to BEM and required class names.
    4. Ensure that the text content in the components is exactly as specified in the requirements.
    Do not include any extra components or libraries not listed above. Keep your code concise, semantic, and standards-compliant.
    ","{'overview': 'The application is a web-based dictionary that allows users to search for word definitions, pronunciations, and examples. It also provides a daily quote, manages bookmarks for frequently accessed words, and maintains a history of recent searches.', 'predefined_options': 'The application uses predefined options such as default values for input fields and preset selections for bookmarks and recent searches.', 'external_resources': ""The application uses external resources such as quotes from 'https://type.fit/api/quotes' and 'http://api.quotable.io/random', and word data from 'https://api.dictionaryapi.dev/api/v2/entries/en/'."", 'external_js_libraries': 'The application uses external JavaScript libraries such as jQuery (https://ajax.googleapis.com/ajax/libs/jquery/2.2.4/jquery.min.js), Bootstrap (https://cdn.jsdelivr.net/npm/bootstrap@5.1.3/dist/js/bootstrap.bundle.min.js), and Modernizr (https://cdnjs.cloudflare.com/ajax/libs/modernizr/2.8.3/modernizr.js).'}","The system must provide a 'Reset' button on the Dictionary page that clears the search input field and hides the result card. When the user clicks the 'Reset' button (data-testid 'reset-button'), the search input field (data-testid 'search-input') should be cleared, and the result card (data-testid 'result-card') should be hidden. This functionality should work whether the search input field is empty or contains text, and regardless of whether a search has been performed. The system should ensure that the result card remains hidden after the reset, providing a consistent user experience.",https://anonymous.4open.science/r/E2EDev/E2EDev_data/E2ESD_Bench_05/,"Feature: Reset Search Functionality
  The system should clear the search input field and hide the result card when the 'Reset' button is clicked.


Scenario: [Normal] Reset button clears the search input and hides the result card
    Given the user is on the Dictionary page
    And the search input field with data-testid ""search-input"" contains the text ""example"" 
    And the user clicks the search button with data-testid ""search-button""
    And the result card with data-testid ""result-card"" is visible
    When the user clicks the 'Reset' button with data-testid ""reset-button""
    Then the search input field with data-testid ""search-input"" should be empty
    And the result card with data-testid ""result-card"" should not be visible","from behave import given, when, then
from selenium import webdriver
from selenium.webdriver.common.by import By
import time

@given('the user is on the Dictionary page')
def step_impl(context):
    file_path = ""index.html""
    context.driver = webdriver.Chrome()
    context.driver.get(f""file://index.html"")

@given('the search input field with data-testid ""search-input"" contains the text ""example""')
def step_impl(context):
    search_input = context.driver.find_element(By.CSS_SELECTOR, '[data-testid=""search-input""]')
    search_input.clear()
    search_input.send_keys(""example"")

@given('the user clicks the search button with data-testid ""search-button""')
def step_impl(context):
    search_button = context.driver.find_element(By.CSS_SELECTOR, '[data-testid=""search-button""]')
    search_button.click()
    time.sleep(2)  # Wait for search results to load

@given('the result card with data-testid ""result-card"" is visible')
def step_impl(context):
    result_card = context.driver.find_element(By.CSS_SELECTOR, '[data-testid=""result-card""]')
    assert result_card.is_displayed()

@when('the user clicks the \'Reset\' button with data-testid ""reset-button""')
def step_impl(context):
    reset_button = context.driver.find_element(By.CSS_SELECTOR, '[data-testid=""reset-button""]')
    reset_button.click()
    time.sleep(1)  # Wait for reset action to complete

@then('the search input field with data-testid ""search-input"" should be empty')
def step_impl(context):
    search_input = context.driver.find_element(By.CSS_SELECTOR, '[data-testid=""search-input""]')
    assert search_input.get_attribute('value') == """"

@then('the result card with data-testid ""result-card"" should not be visible')
def step_impl(context):
    result_card = context.driver.find_element(By.CSS_SELECTOR, '[data-testid=""result-card""]')
    assert not result_card.is_displayed()

def after_scenario(context, scenario):
    context.driver.quit()"
E2ESD_Bench_05,4,2,"
    You are tasked with implementing a complete web application using HTML, JavaScript, and CSS. Your implementation must strictly follow the specifications described below.
    SUMMARY:
    {
    ""overview"": ""The application is a web-based dictionary that allows users to search for word definitions, pronunciations, and examples. It also provides a daily quote, manages bookmarks for frequently accessed words, and maintains a history of recent searches."",
    ""predefined_options"": ""The application uses predefined options such as default values for input fields and preset selections for bookmarks and recent searches."",
    ""external_resources"": ""The application uses external resources such as quotes from 'https://type.fit/api/quotes' and 'http://api.quotable.io/random', and word data from 'https://api.dictionaryapi.dev/api/v2/entries/en/'."",
    ""external_js_libraries"": ""The application uses external JavaScript libraries such as jQuery (https://ajax.googleapis.com/ajax/libs/jquery/2.2.4/jquery.min.js), Bootstrap (https://cdn.jsdelivr.net/npm/bootstrap@5.1.3/dist/js/bootstrap.bundle.min.js), and Modernizr (https://cdnjs.cloudflare.com/ajax/libs/modernizr/2.8.3/modernizr.js).""
}
    ## Functional Requirements
    Implement the following features as described. For each requirement, make sure the HTML structure, JavaScript behavior, and CSS styles match the specifications exactly.
    REQUIREMENTS:
    - Requirement 1: 
The system must allow users to interact with the search functionality on the 'Dictionary' webpage. When the search input field, identified by data-testid 'search-input', is empty and the user clicks the 'Search' button (data-testid 'search-button'), a toast notification with data-testid 'error-toast' should be displayed, containing the message ""ERROR: Please type the word to be searched..."". If the search input contains a valid word, the error toast should not be shown, ensuring the user is only prompted when necessary.
- Requirement 2: 
The web application must allow users to search for word details. When a user enters a word in the search input field (data-testid 'search-input') and clicks the 'Search' button (data-testid 'search-button'), the system should fetch the word's definition, pronunciation, and example from the dictionary API. A result card (data-testid 'result-card') should then be displayed with the searched word as the title (data-testid 'card-title'), its pronunciation (data-testid 'word-pronunciation'), meaning (data-testid 'word-meaning'), and an example sentence (data-testid 'word-example'). 
- Requirement 3: 
The system must provide a 'Reset' button on the Dictionary page that clears the search input field and hides the result card. When the user clicks the 'Reset' button (data-testid 'reset-button'), the search input field (data-testid 'search-input') should be cleared, and the result card (data-testid 'result-card') should be hidden. This functionality should work whether the search input field is empty or contains text, and regardless of whether a search has been performed. The system should ensure that the result card remains hidden after the reset, providing a consistent user experience.
- Requirement 4: 
The web application must allow users to toggle the bookmark status of a word's result card and update the list of bookmarked words in the offcanvas section. When the user clicks the 'Bookmark' icon (data-testid 'bookmark-icon') on a word's result card (data-testid 'result-card'), the system should update the icon to reflect the current bookmark status. If the word is bookmarked, it should be added to the list of bookmarked words displayed in the offcanvas section (data-testid 'bookmarked-words-list'). The user can view this list by clicking the 'Bookmarks' button (data-testid 'bookmark-button'), which opens the offcanvas section. The system must ensure that the list accurately reflects the bookmarked words, allowing users to add and remove words from the bookmark list by toggling the bookmark icon.
- Requirement 5: 
The system should maintain a list of the five most recent searched words and display them in the 'Recent Searches' section (data-testid 'recently-searched'). Each time the user performs a search by entering a word in the search input field (data-testid 'search-input') and clicking the 'Search' button (data-testid 'search-button'), the system should update the list. If the list exceeds five entries, the oldest search should be removed to make room for the new one. 
- Requirement 6: 
The web application must display a 'Back to Top' button (data-testid 'back-to-top-button') when the user scrolls more than 20 pixels down. Clicking the button should smoothly scroll the page to the top, and the button should hide once the page is at the top.
- Requirement 7: 
The system must allow users to manage bookmarked words in the offcanvas section. When the user clicks the 'Bookmarks' button (data-testid=""bookmark-button""), the offcanvas opens, displaying the bookmarked words list (data-testid=""bookmarked-words-list""). Each word has a close button (data-testid=""bookmark-delete-button-${index}"") for removal. Clicking the close button deletes the word and updates the list. If no words are bookmarked, an <h5> with the text 'No words bookmarked !!' is shown in the offcanvas.

    
    ## Output Format
    Provide a clean and complete implementation including:
    1. HTML structure (including necessary `data-testid`, `id`, and `class` values).
    2. JavaScript functionality that matches the behavior described.
    3. CSS for styling according to BEM and required class names.
    4. Ensure that the text content in the components is exactly as specified in the requirements.
    Do not include any extra components or libraries not listed above. Keep your code concise, semantic, and standards-compliant.
    ","{'overview': 'The application is a web-based dictionary that allows users to search for word definitions, pronunciations, and examples. It also provides a daily quote, manages bookmarks for frequently accessed words, and maintains a history of recent searches.', 'predefined_options': 'The application uses predefined options such as default values for input fields and preset selections for bookmarks and recent searches.', 'external_resources': ""The application uses external resources such as quotes from 'https://type.fit/api/quotes' and 'http://api.quotable.io/random', and word data from 'https://api.dictionaryapi.dev/api/v2/entries/en/'."", 'external_js_libraries': 'The application uses external JavaScript libraries such as jQuery (https://ajax.googleapis.com/ajax/libs/jquery/2.2.4/jquery.min.js), Bootstrap (https://cdn.jsdelivr.net/npm/bootstrap@5.1.3/dist/js/bootstrap.bundle.min.js), and Modernizr (https://cdnjs.cloudflare.com/ajax/libs/modernizr/2.8.3/modernizr.js).'}","The system must provide a 'Reset' button on the Dictionary page that clears the search input field and hides the result card. When the user clicks the 'Reset' button (data-testid 'reset-button'), the search input field (data-testid 'search-input') should be cleared, and the result card (data-testid 'result-card') should be hidden. This functionality should work whether the search input field is empty or contains text, and regardless of whether a search has been performed. The system should ensure that the result card remains hidden after the reset, providing a consistent user experience.",https://anonymous.4open.science/r/E2EDev/E2EDev_data/E2ESD_Bench_05/,"Feature: Reset Search Functionality
  The system should clear the search input field and hide the result card when the 'Reset' button is clicked.


Scenario: [Edge] Reset button is clicked when the search input is already empty
    Given the user is on the Dictionary page
    And the search input field with data-testid ""search-input"" contains the text ""example""
    And the user clicks the search button with data-testid ""search-button""
    And the result card with data-testid ""result-card"" is visible
    And the user clears the search input field with data-testid ""search-input""
    When the user clicks the 'Reset' button with data-testid ""reset-button""
    Then the search input field with data-testid ""search-input"" should remain empty
    And the result card with data-testid ""result-card"" should not be visible","from behave import given, when, then
from selenium import webdriver
from selenium.webdriver.common.by import By
from selenium.webdriver.support.ui import WebDriverWait
from selenium.webdriver.support import expected_conditions as EC
import time

file_path = ""index.html""

@given('the user is on the Dictionary page')
def step_given_user_on_dictionary_page(context):
    context.driver = webdriver.Chrome()
    context.driver.get(f""file://index.html"")
    time.sleep(1)

@given('the search input field with data-testid ""search-input"" contains the text ""example""')
def step_given_search_input_contains_text(context):
    search_input = WebDriverWait(context.driver, 10).until(
        EC.presence_of_element_located((By.CSS_SELECTOR, ""[data-testid='search-input']""))
    )
    search_input.send_keys(""example"")
    time.sleep(1)

@given('the user clicks the search button with data-testid ""search-button""')
def step_given_user_clicks_search_button(context):
    search_button = WebDriverWait(context.driver, 10).until(
        EC.element_to_be_clickable((By.CSS_SELECTOR, ""[data-testid='search-button']""))
    )
    search_button.click()
    time.sleep(1)

@given('the result card with data-testid ""result-card"" is visible')
def step_given_result_card_is_visible(context):
    result_card = WebDriverWait(context.driver, 10).until(
        EC.visibility_of_element_located((By.CSS_SELECTOR, ""[data-testid='result-card']""))
    )
    assert result_card.is_displayed(), ""Result card should be visible""
    time.sleep(1)

@given('the user clears the search input field with data-testid ""search-input""')
def step_given_user_clears_search_input(context):
    search_input = WebDriverWait(context.driver, 10).until(
        EC.presence_of_element_located((By.CSS_SELECTOR, ""[data-testid='search-input']""))
    )
    search_input.clear()
    time.sleep(1)

@when('the user clicks the \'Reset\' button with data-testid ""reset-button""')
def step_when_user_clicks_reset_button(context):
    reset_button = WebDriverWait(context.driver, 10).until(
        EC.element_to_be_clickable((By.CSS_SELECTOR, ""[data-testid='reset-button']""))
    )
    reset_button.click()
    time.sleep(1)

@then('the search input field with data-testid ""search-input"" should remain empty')
def step_then_search_input_should_remain_empty(context):
    search_input = WebDriverWait(context.driver, 10).until(
        EC.presence_of_element_located((By.CSS_SELECTOR, ""[data-testid='search-input']""))
    )
    assert search_input.get_attribute('value') == """", ""Search input should be empty""
    time.sleep(1)

@then('the result card with data-testid ""result-card"" should not be visible')
def step_then_result_card_should_not_be_visible(context):
    result_card = context.driver.find_element(By.CSS_SELECTOR, ""[data-testid='result-card']"")
    assert not result_card.is_displayed(), ""Result card should not be visible""
    time.sleep(1)

def after_scenario(context, scenario):
    context.driver.quit()"
E2ESD_Bench_05,4,3,"
    You are tasked with implementing a complete web application using HTML, JavaScript, and CSS. Your implementation must strictly follow the specifications described below.
    SUMMARY:
    {
    ""overview"": ""The application is a web-based dictionary that allows users to search for word definitions, pronunciations, and examples. It also provides a daily quote, manages bookmarks for frequently accessed words, and maintains a history of recent searches."",
    ""predefined_options"": ""The application uses predefined options such as default values for input fields and preset selections for bookmarks and recent searches."",
    ""external_resources"": ""The application uses external resources such as quotes from 'https://type.fit/api/quotes' and 'http://api.quotable.io/random', and word data from 'https://api.dictionaryapi.dev/api/v2/entries/en/'."",
    ""external_js_libraries"": ""The application uses external JavaScript libraries such as jQuery (https://ajax.googleapis.com/ajax/libs/jquery/2.2.4/jquery.min.js), Bootstrap (https://cdn.jsdelivr.net/npm/bootstrap@5.1.3/dist/js/bootstrap.bundle.min.js), and Modernizr (https://cdnjs.cloudflare.com/ajax/libs/modernizr/2.8.3/modernizr.js).""
}
    ## Functional Requirements
    Implement the following features as described. For each requirement, make sure the HTML structure, JavaScript behavior, and CSS styles match the specifications exactly.
    REQUIREMENTS:
    - Requirement 1: 
The system must allow users to interact with the search functionality on the 'Dictionary' webpage. When the search input field, identified by data-testid 'search-input', is empty and the user clicks the 'Search' button (data-testid 'search-button'), a toast notification with data-testid 'error-toast' should be displayed, containing the message ""ERROR: Please type the word to be searched..."". If the search input contains a valid word, the error toast should not be shown, ensuring the user is only prompted when necessary.
- Requirement 2: 
The web application must allow users to search for word details. When a user enters a word in the search input field (data-testid 'search-input') and clicks the 'Search' button (data-testid 'search-button'), the system should fetch the word's definition, pronunciation, and example from the dictionary API. A result card (data-testid 'result-card') should then be displayed with the searched word as the title (data-testid 'card-title'), its pronunciation (data-testid 'word-pronunciation'), meaning (data-testid 'word-meaning'), and an example sentence (data-testid 'word-example'). 
- Requirement 3: 
The system must provide a 'Reset' button on the Dictionary page that clears the search input field and hides the result card. When the user clicks the 'Reset' button (data-testid 'reset-button'), the search input field (data-testid 'search-input') should be cleared, and the result card (data-testid 'result-card') should be hidden. This functionality should work whether the search input field is empty or contains text, and regardless of whether a search has been performed. The system should ensure that the result card remains hidden after the reset, providing a consistent user experience.
- Requirement 4: 
The web application must allow users to toggle the bookmark status of a word's result card and update the list of bookmarked words in the offcanvas section. When the user clicks the 'Bookmark' icon (data-testid 'bookmark-icon') on a word's result card (data-testid 'result-card'), the system should update the icon to reflect the current bookmark status. If the word is bookmarked, it should be added to the list of bookmarked words displayed in the offcanvas section (data-testid 'bookmarked-words-list'). The user can view this list by clicking the 'Bookmarks' button (data-testid 'bookmark-button'), which opens the offcanvas section. The system must ensure that the list accurately reflects the bookmarked words, allowing users to add and remove words from the bookmark list by toggling the bookmark icon.
- Requirement 5: 
The system should maintain a list of the five most recent searched words and display them in the 'Recent Searches' section (data-testid 'recently-searched'). Each time the user performs a search by entering a word in the search input field (data-testid 'search-input') and clicking the 'Search' button (data-testid 'search-button'), the system should update the list. If the list exceeds five entries, the oldest search should be removed to make room for the new one. 
- Requirement 6: 
The web application must display a 'Back to Top' button (data-testid 'back-to-top-button') when the user scrolls more than 20 pixels down. Clicking the button should smoothly scroll the page to the top, and the button should hide once the page is at the top.
- Requirement 7: 
The system must allow users to manage bookmarked words in the offcanvas section. When the user clicks the 'Bookmarks' button (data-testid=""bookmark-button""), the offcanvas opens, displaying the bookmarked words list (data-testid=""bookmarked-words-list""). Each word has a close button (data-testid=""bookmark-delete-button-${index}"") for removal. Clicking the close button deletes the word and updates the list. If no words are bookmarked, an <h5> with the text 'No words bookmarked !!' is shown in the offcanvas.

    
    ## Output Format
    Provide a clean and complete implementation including:
    1. HTML structure (including necessary `data-testid`, `id`, and `class` values).
    2. JavaScript functionality that matches the behavior described.
    3. CSS for styling according to BEM and required class names.
    4. Ensure that the text content in the components is exactly as specified in the requirements.
    Do not include any extra components or libraries not listed above. Keep your code concise, semantic, and standards-compliant.
    ","{'overview': 'The application is a web-based dictionary that allows users to search for word definitions, pronunciations, and examples. It also provides a daily quote, manages bookmarks for frequently accessed words, and maintains a history of recent searches.', 'predefined_options': 'The application uses predefined options such as default values for input fields and preset selections for bookmarks and recent searches.', 'external_resources': ""The application uses external resources such as quotes from 'https://type.fit/api/quotes' and 'http://api.quotable.io/random', and word data from 'https://api.dictionaryapi.dev/api/v2/entries/en/'."", 'external_js_libraries': 'The application uses external JavaScript libraries such as jQuery (https://ajax.googleapis.com/ajax/libs/jquery/2.2.4/jquery.min.js), Bootstrap (https://cdn.jsdelivr.net/npm/bootstrap@5.1.3/dist/js/bootstrap.bundle.min.js), and Modernizr (https://cdnjs.cloudflare.com/ajax/libs/modernizr/2.8.3/modernizr.js).'}","The system must provide a 'Reset' button on the Dictionary page that clears the search input field and hides the result card. When the user clicks the 'Reset' button (data-testid 'reset-button'), the search input field (data-testid 'search-input') should be cleared, and the result card (data-testid 'result-card') should be hidden. This functionality should work whether the search input field is empty or contains text, and regardless of whether a search has been performed. The system should ensure that the result card remains hidden after the reset, providing a consistent user experience.",https://anonymous.4open.science/r/E2EDev/E2EDev_data/E2ESD_Bench_05/,"Feature: Reset Search Functionality
  The system should clear the search input field and hide the result card when the 'Reset' button is clicked.


  Scenario: [Error] Reset button is clicked when no search has been performed
    Given the user is on the Dictionary page
    And the search input field with data-testid ""search-input"" is empty
    And the result card with data-testid ""result-card"" is not visible
    When the user clicks the 'Reset' button with data-testid ""reset-button""
    Then the search input field with data-testid ""search-input"" should remain empty
    And the result card with data-testid ""result-card"" should remain not visible","from behave import given, when, then
from selenium import webdriver
from selenium.webdriver.common.by import By
from selenium.webdriver.support.ui import WebDriverWait
from selenium.webdriver.support import expected_conditions as EC
import time

file_path = ""index.html""

@given('the user is on the Dictionary page')
def step_given_user_on_dictionary_page(context):
    context.driver = webdriver.Chrome()
    context.driver.get(f""file://index.html"")
    time.sleep(1)  # Allow time for the page to load

@given('the search input field with data-testid ""search-input"" is empty')
def step_given_search_input_is_empty(context):
    search_input = context.driver.find_element(By.CSS_SELECTOR, ""[data-testid='search-input']"")
    assert search_input.get_attribute('value') == """", ""Search input is not empty""

@given('the result card with data-testid ""result-card"" is not visible')
def step_given_result_card_not_visible(context):
    result_card = context.driver.find_element(By.CSS_SELECTOR, ""[data-testid='result-card']"")
    assert not result_card.is_displayed(), ""Result card is visible""

@when('the user clicks the \'Reset\' button with data-testid ""reset-button""')
def step_when_user_clicks_reset_button(context):
    reset_button = WebDriverWait(context.driver, 10).until(
        EC.element_to_be_clickable((By.CSS_SELECTOR, ""[data-testid='reset-button']""))
    )
    reset_button.click()
    time.sleep(1)  # Allow time for the reset action to take effect

@then('the search input field with data-testid ""search-input"" should remain empty')
def step_then_search_input_remains_empty(context):
    search_input = context.driver.find_element(By.CSS_SELECTOR, ""[data-testid='search-input']"")
    assert search_input.get_attribute('value') == """", ""Search input is not empty after reset""

@then('the result card with data-testid ""result-card"" should remain not visible')
def step_then_result_card_remains_not_visible(context):
    result_card = context.driver.find_element(By.CSS_SELECTOR, ""[data-testid='result-card']"")
    assert not result_card.is_displayed(), ""Result card is visible after reset""

def after_scenario(context, scenario):
    context.driver.quit()"
E2ESD_Bench_05,5,1,"
    You are tasked with implementing a complete web application using HTML, JavaScript, and CSS. Your implementation must strictly follow the specifications described below.
    SUMMARY:
    {
    ""overview"": ""The application is a web-based dictionary that allows users to search for word definitions, pronunciations, and examples. It also provides a daily quote, manages bookmarks for frequently accessed words, and maintains a history of recent searches."",
    ""predefined_options"": ""The application uses predefined options such as default values for input fields and preset selections for bookmarks and recent searches."",
    ""external_resources"": ""The application uses external resources such as quotes from 'https://type.fit/api/quotes' and 'http://api.quotable.io/random', and word data from 'https://api.dictionaryapi.dev/api/v2/entries/en/'."",
    ""external_js_libraries"": ""The application uses external JavaScript libraries such as jQuery (https://ajax.googleapis.com/ajax/libs/jquery/2.2.4/jquery.min.js), Bootstrap (https://cdn.jsdelivr.net/npm/bootstrap@5.1.3/dist/js/bootstrap.bundle.min.js), and Modernizr (https://cdnjs.cloudflare.com/ajax/libs/modernizr/2.8.3/modernizr.js).""
}
    ## Functional Requirements
    Implement the following features as described. For each requirement, make sure the HTML structure, JavaScript behavior, and CSS styles match the specifications exactly.
    REQUIREMENTS:
    - Requirement 1: 
The system must allow users to interact with the search functionality on the 'Dictionary' webpage. When the search input field, identified by data-testid 'search-input', is empty and the user clicks the 'Search' button (data-testid 'search-button'), a toast notification with data-testid 'error-toast' should be displayed, containing the message ""ERROR: Please type the word to be searched..."". If the search input contains a valid word, the error toast should not be shown, ensuring the user is only prompted when necessary.
- Requirement 2: 
The web application must allow users to search for word details. When a user enters a word in the search input field (data-testid 'search-input') and clicks the 'Search' button (data-testid 'search-button'), the system should fetch the word's definition, pronunciation, and example from the dictionary API. A result card (data-testid 'result-card') should then be displayed with the searched word as the title (data-testid 'card-title'), its pronunciation (data-testid 'word-pronunciation'), meaning (data-testid 'word-meaning'), and an example sentence (data-testid 'word-example'). 
- Requirement 3: 
The system must provide a 'Reset' button on the Dictionary page that clears the search input field and hides the result card. When the user clicks the 'Reset' button (data-testid 'reset-button'), the search input field (data-testid 'search-input') should be cleared, and the result card (data-testid 'result-card') should be hidden. This functionality should work whether the search input field is empty or contains text, and regardless of whether a search has been performed. The system should ensure that the result card remains hidden after the reset, providing a consistent user experience.
- Requirement 4: 
The web application must allow users to toggle the bookmark status of a word's result card and update the list of bookmarked words in the offcanvas section. When the user clicks the 'Bookmark' icon (data-testid 'bookmark-icon') on a word's result card (data-testid 'result-card'), the system should update the icon to reflect the current bookmark status. If the word is bookmarked, it should be added to the list of bookmarked words displayed in the offcanvas section (data-testid 'bookmarked-words-list'). The user can view this list by clicking the 'Bookmarks' button (data-testid 'bookmark-button'), which opens the offcanvas section. The system must ensure that the list accurately reflects the bookmarked words, allowing users to add and remove words from the bookmark list by toggling the bookmark icon.
- Requirement 5: 
The system should maintain a list of the five most recent searched words and display them in the 'Recent Searches' section (data-testid 'recently-searched'). Each time the user performs a search by entering a word in the search input field (data-testid 'search-input') and clicking the 'Search' button (data-testid 'search-button'), the system should update the list. If the list exceeds five entries, the oldest search should be removed to make room for the new one. 
- Requirement 6: 
The web application must display a 'Back to Top' button (data-testid 'back-to-top-button') when the user scrolls more than 20 pixels down. Clicking the button should smoothly scroll the page to the top, and the button should hide once the page is at the top.
- Requirement 7: 
The system must allow users to manage bookmarked words in the offcanvas section. When the user clicks the 'Bookmarks' button (data-testid=""bookmark-button""), the offcanvas opens, displaying the bookmarked words list (data-testid=""bookmarked-words-list""). Each word has a close button (data-testid=""bookmark-delete-button-${index}"") for removal. Clicking the close button deletes the word and updates the list. If no words are bookmarked, an <h5> with the text 'No words bookmarked !!' is shown in the offcanvas.

    
    ## Output Format
    Provide a clean and complete implementation including:
    1. HTML structure (including necessary `data-testid`, `id`, and `class` values).
    2. JavaScript functionality that matches the behavior described.
    3. CSS for styling according to BEM and required class names.
    4. Ensure that the text content in the components is exactly as specified in the requirements.
    Do not include any extra components or libraries not listed above. Keep your code concise, semantic, and standards-compliant.
    ","{'overview': 'The application is a web-based dictionary that allows users to search for word definitions, pronunciations, and examples. It also provides a daily quote, manages bookmarks for frequently accessed words, and maintains a history of recent searches.', 'predefined_options': 'The application uses predefined options such as default values for input fields and preset selections for bookmarks and recent searches.', 'external_resources': ""The application uses external resources such as quotes from 'https://type.fit/api/quotes' and 'http://api.quotable.io/random', and word data from 'https://api.dictionaryapi.dev/api/v2/entries/en/'."", 'external_js_libraries': 'The application uses external JavaScript libraries such as jQuery (https://ajax.googleapis.com/ajax/libs/jquery/2.2.4/jquery.min.js), Bootstrap (https://cdn.jsdelivr.net/npm/bootstrap@5.1.3/dist/js/bootstrap.bundle.min.js), and Modernizr (https://cdnjs.cloudflare.com/ajax/libs/modernizr/2.8.3/modernizr.js).'}","The web application must allow users to toggle the bookmark status of a word's result card and update the list of bookmarked words in the offcanvas section. When the user clicks the 'Bookmark' icon (data-testid 'bookmark-icon') on a word's result card (data-testid 'result-card'), the system should update the icon to reflect the current bookmark status. If the word is bookmarked, it should be added to the list of bookmarked words displayed in the offcanvas section (data-testid 'bookmarked-words-list'). The user can view this list by clicking the 'Bookmarks' button (data-testid 'bookmark-button'), which opens the offcanvas section. The system must ensure that the list accurately reflects the bookmarked words, allowing users to add and remove words from the bookmark list by toggling the bookmark icon.",https://anonymous.4open.science/r/E2EDev/E2EDev_data/E2ESD_Bench_05/,"Feature: Toggle Bookmark Status and Update Bookmarked Words List
  The system should allow users to toggle the bookmark status of a word's result card and update the list of bookmarked words in the offcanvas section.


Scenario: [Normal] Bookmark a word and update the list
    Given the webpage is loaded
    And the user has searched for a word and the result card is displayed with data-testid ""result-card""
    When the user clicks the bookmark icon with data-testid ""bookmark-icon""
    Then the user clicks the bookmark word list show button with data-testid ""bookmark-button"" to show the bookmarked words
    And the word should be added to the list of bookmarked words in the offcanvas section with data-testid ""bookmarked-words-list""","from behave import given, when, then
from selenium import webdriver
from selenium.webdriver.common.by import By
from selenium.webdriver.support.ui import WebDriverWait
from selenium.webdriver.support import expected_conditions as EC
import time

file_path = ""index.html""

def is_expanded(element):
    aria = element.get_attribute(""aria-expanded"")
    if aria is not None:
        return aria == ""true""
    class_list = element.get_attribute(""class"").split()
    if any(cls in class_list for cls in [""expanded"", ""open"", ""show""]):
        return True
    data_expanded = element.get_attribute(""data-expanded"")
    if data_expanded is not None:
        return data_expanded == ""true""
    return element.is_displayed()

@given('the webpage is loaded')
def step_given_webpage_loaded(context):
    context.driver = webdriver.Chrome()
    context.driver.get(f""file://index.html"")
    time.sleep(1)

@given('the user has searched for a word and the result card is displayed with data-testid ""result-card""')
def step_given_result_card_displayed(context):
    search_input = WebDriverWait(context.driver, 10).until(
        EC.visibility_of_element_located((By.CSS_SELECTOR, ""[data-testid='search-input']""))
    )
    search_input.send_keys(""example"")
    search_button = context.driver.find_element(By.CSS_SELECTOR, ""[data-testid='search-button']"")
    search_button.click()
    time.sleep(1)
    result_card = WebDriverWait(context.driver, 10).until(
        EC.visibility_of_element_located((By.CSS_SELECTOR, ""[data-testid='result-card']""))
    )
    assert result_card.is_displayed(), ""Result card is not displayed""

@when('the user clicks the bookmark icon with data-testid ""bookmark-icon""')
def step_when_click_bookmark_icon(context):
    bookmark_icon = WebDriverWait(context.driver, 10).until(
        EC.element_to_be_clickable((By.CSS_SELECTOR, ""[data-testid='bookmark-icon']""))
    )
    bookmark_icon.click()
    time.sleep(1)
    # Verify the bookmark icon changes state to indicate the word is bookmarked
    icon_class = bookmark_icon.find_element(By.TAG_NAME, ""i"").get_attribute(""class"")
    assert ""bi-bookmark-check-fill"" in icon_class, ""Bookmark icon did not change state""

@then('the user clicks the bookmark word list show button with data-testid ""bookmark-button"" to show the bookmarked words')
def step_then_click_bookmark_button(context):
    bookmark_button = WebDriverWait(context.driver, 10).until(
        EC.element_to_be_clickable((By.CSS_SELECTOR, ""[data-testid='bookmark-button']""))
    )
    bookmark_button.click()
    time.sleep(1)

@then('the word should be added to the list of bookmarked words in the offcanvas section with data-testid ""bookmarked-words-list""')
def step_then_verify_bookmarked_words_list(context):
    bookmarked_words_list = WebDriverWait(context.driver, 10).until(
        EC.visibility_of_element_located((By.CSS_SELECTOR, ""[data-testid='bookmarked-words-list']""))
    )
    # Extract all bookmarked words from the list
    bookmarked_words_items = bookmarked_words_list.find_elements(By.TAG_NAME, ""li"")
    bookmarked_words = [word.text.lower() for word in bookmarked_words_items]

    assert ""example"".lower() in bookmarked_words, ""The word 'example' is not in the bookmarked words list""

def after_scenario(context, scenario):
    context.driver.quit()"
E2ESD_Bench_05,8,1,"
    You are tasked with implementing a complete web application using HTML, JavaScript, and CSS. Your implementation must strictly follow the specifications described below.
    SUMMARY:
    {
    ""overview"": ""The application is a web-based dictionary that allows users to search for word definitions, pronunciations, and examples. It also provides a daily quote, manages bookmarks for frequently accessed words, and maintains a history of recent searches."",
    ""predefined_options"": ""The application uses predefined options such as default values for input fields and preset selections for bookmarks and recent searches."",
    ""external_resources"": ""The application uses external resources such as quotes from 'https://type.fit/api/quotes' and 'http://api.quotable.io/random', and word data from 'https://api.dictionaryapi.dev/api/v2/entries/en/'."",
    ""external_js_libraries"": ""The application uses external JavaScript libraries such as jQuery (https://ajax.googleapis.com/ajax/libs/jquery/2.2.4/jquery.min.js), Bootstrap (https://cdn.jsdelivr.net/npm/bootstrap@5.1.3/dist/js/bootstrap.bundle.min.js), and Modernizr (https://cdnjs.cloudflare.com/ajax/libs/modernizr/2.8.3/modernizr.js).""
}
    ## Functional Requirements
    Implement the following features as described. For each requirement, make sure the HTML structure, JavaScript behavior, and CSS styles match the specifications exactly.
    REQUIREMENTS:
    - Requirement 1: 
The system must allow users to interact with the search functionality on the 'Dictionary' webpage. When the search input field, identified by data-testid 'search-input', is empty and the user clicks the 'Search' button (data-testid 'search-button'), a toast notification with data-testid 'error-toast' should be displayed, containing the message ""ERROR: Please type the word to be searched..."". If the search input contains a valid word, the error toast should not be shown, ensuring the user is only prompted when necessary.
- Requirement 2: 
The web application must allow users to search for word details. When a user enters a word in the search input field (data-testid 'search-input') and clicks the 'Search' button (data-testid 'search-button'), the system should fetch the word's definition, pronunciation, and example from the dictionary API. A result card (data-testid 'result-card') should then be displayed with the searched word as the title (data-testid 'card-title'), its pronunciation (data-testid 'word-pronunciation'), meaning (data-testid 'word-meaning'), and an example sentence (data-testid 'word-example'). 
- Requirement 3: 
The system must provide a 'Reset' button on the Dictionary page that clears the search input field and hides the result card. When the user clicks the 'Reset' button (data-testid 'reset-button'), the search input field (data-testid 'search-input') should be cleared, and the result card (data-testid 'result-card') should be hidden. This functionality should work whether the search input field is empty or contains text, and regardless of whether a search has been performed. The system should ensure that the result card remains hidden after the reset, providing a consistent user experience.
- Requirement 4: 
The web application must allow users to toggle the bookmark status of a word's result card and update the list of bookmarked words in the offcanvas section. When the user clicks the 'Bookmark' icon (data-testid 'bookmark-icon') on a word's result card (data-testid 'result-card'), the system should update the icon to reflect the current bookmark status. If the word is bookmarked, it should be added to the list of bookmarked words displayed in the offcanvas section (data-testid 'bookmarked-words-list'). The user can view this list by clicking the 'Bookmarks' button (data-testid 'bookmark-button'), which opens the offcanvas section. The system must ensure that the list accurately reflects the bookmarked words, allowing users to add and remove words from the bookmark list by toggling the bookmark icon.
- Requirement 5: 
The system should maintain a list of the five most recent searched words and display them in the 'Recent Searches' section (data-testid 'recently-searched'). Each time the user performs a search by entering a word in the search input field (data-testid 'search-input') and clicking the 'Search' button (data-testid 'search-button'), the system should update the list. If the list exceeds five entries, the oldest search should be removed to make room for the new one. 
- Requirement 6: 
The web application must display a 'Back to Top' button (data-testid 'back-to-top-button') when the user scrolls more than 20 pixels down. Clicking the button should smoothly scroll the page to the top, and the button should hide once the page is at the top.
- Requirement 7: 
The system must allow users to manage bookmarked words in the offcanvas section. When the user clicks the 'Bookmarks' button (data-testid=""bookmark-button""), the offcanvas opens, displaying the bookmarked words list (data-testid=""bookmarked-words-list""). Each word has a close button (data-testid=""bookmark-delete-button-${index}"") for removal. Clicking the close button deletes the word and updates the list. If no words are bookmarked, an <h5> with the text 'No words bookmarked !!' is shown in the offcanvas.

    
    ## Output Format
    Provide a clean and complete implementation including:
    1. HTML structure (including necessary `data-testid`, `id`, and `class` values).
    2. JavaScript functionality that matches the behavior described.
    3. CSS for styling according to BEM and required class names.
    4. Ensure that the text content in the components is exactly as specified in the requirements.
    Do not include any extra components or libraries not listed above. Keep your code concise, semantic, and standards-compliant.
    ","{'overview': 'The application is a web-based dictionary that allows users to search for word definitions, pronunciations, and examples. It also provides a daily quote, manages bookmarks for frequently accessed words, and maintains a history of recent searches.', 'predefined_options': 'The application uses predefined options such as default values for input fields and preset selections for bookmarks and recent searches.', 'external_resources': ""The application uses external resources such as quotes from 'https://type.fit/api/quotes' and 'http://api.quotable.io/random', and word data from 'https://api.dictionaryapi.dev/api/v2/entries/en/'."", 'external_js_libraries': 'The application uses external JavaScript libraries such as jQuery (https://ajax.googleapis.com/ajax/libs/jquery/2.2.4/jquery.min.js), Bootstrap (https://cdn.jsdelivr.net/npm/bootstrap@5.1.3/dist/js/bootstrap.bundle.min.js), and Modernizr (https://cdnjs.cloudflare.com/ajax/libs/modernizr/2.8.3/modernizr.js).'}","The system should maintain a list of the five most recent searched words and display them in the 'Recent Searches' section (data-testid 'recently-searched'). Each time the user performs a search by entering a word in the search input field (data-testid 'search-input') and clicking the 'Search' button (data-testid 'search-button'), the system should update the list. If the list exceeds five entries, the oldest search should be removed to make room for the new one. ",https://anonymous.4open.science/r/E2EDev/E2EDev_data/E2ESD_Bench_05/,"Feature: Maintain and Display Recently Searched Words
  The system should maintain a list of recently searched words and display them in the 'Recent Searches' section.


  Scenario: [Normal] Add a word to the recently searched list
    Given the user is on the Dictionary page
    When the user enters ""example"" into the search input with data-testid ""search-input""
    And the user clicks the search button with data-testid ""search-button""
    Then the ""Recent Searches"" section with data-testid ""recently-searched"" should display the word ""example""
","from behave import given, when, then
from selenium import webdriver
from selenium.webdriver.common.by import By
from selenium.webdriver.support.ui import WebDriverWait
from selenium.webdriver.support import expected_conditions as EC
import time

file_path = ""index.html""

def is_visible(element):
    return element.is_displayed()

@given('the user is on the Dictionary page')
def step_given_user_on_dictionary_page(context):
    context.driver = webdriver.Chrome()
    context.driver.get(f""file://index.html"")
    time.sleep(1)  # Allow page to load

@when('the user enters ""example"" into the search input with data-testid ""search-input""')
def step_when_user_enters_example(context):
    search_input = WebDriverWait(context.driver, 10).until(
        EC.visibility_of_element_located((By.CSS_SELECTOR, ""[data-testid='search-input']""))
    )
    search_input.clear()
    search_input.send_keys(""example"")
    time.sleep(1)

@when('the user clicks the search button with data-testid ""search-button""')
def step_when_user_clicks_search_button(context):
    search_button = WebDriverWait(context.driver, 10).until(
        EC.element_to_be_clickable((By.CSS_SELECTOR, ""[data-testid='search-button']""))
    )
    search_button.click()
    time.sleep(1)

@then('the ""Recent Searches"" section with data-testid ""recently-searched"" should display the word ""example""')
def step_then_recent_searches_display_example(context):
    recently_searched = WebDriverWait(context.driver, 10).until(
        EC.visibility_of_element_located((By.CSS_SELECTOR, ""[data-testid='recently-searched']""))
    )
    assert ""example"" in recently_searched.text, f""Expected 'example' in recent searches, but got '{recently_searched.text}'""
    time.sleep(1)

def after_scenario(context, scenario):
    context.driver.quit()"
